text,label,category
"Assalomu alaykum, bugungi yig'ilish 14:00ga ko'chirildi, bank filialida bo'lib o'tadi.",safe,xavfsiz
"Diqqat! Kartangizdagi mablag' nazorat qilinishi uchun bir martalik SMS kodni yuboring, aks holda kredit arizangiz bekor qilinadi.",phishing,oson_kredit_soxta
"Tug'ilgan kuningiz muborak bo'lsin, Gulnora! Senga baxt va sog'lik tilaymiz.",safe,xavfsiz
"Universitetda ertangi imtihon 14:00da 305-xonada bo'lib o'tadi, pasportingizni olib kelishni unutmang.",safe,xavfsiz
"Xalq bankidan kredit olish bo'yicha maslahat kerak bo'lsa, filialga bevosita murojaat qiling, hech qanday oldindan to'lov talab qilinmaydi.",safe,xavfsiz
"VIDEO: Taniqli shaxs nomidan tarqatilgan xabar — 'Bu loyiha orqali har kim 5 400 000 so'm ishlab topishi mumkin', batafsil: click-uz-bonus.xyz",phishing,mashhur_shaxs_deepfake
Sovg'angizni oling! Bayram munosabati bilan barcha foydalanuvchilarga bonus taqdim etilmoqda: telegram-support-uz.net — hoziroq faollashtiring.,phishing,sovga_havola
"Litsenziyas1z vosit@chi: chet elg@ i$hga joylasht1ramiz, oldindan xizmat h@q1n1 o'tkazing, keyin b@rcha hujj@tlarni tayy0rlaym1z.",phishing,xorijda_ish_firibgarligi_obfuskatsiya
"Men Prezident Administratsiyasi xodimiman, sizning nomzodingiz yuqori lavozimga tasdiqlangan, tezroq rasmiylashtirish uchun 50 000 000 so'm kerak bo'ladi, hech kimga aytmang.",phishing,amaldor_lavozim_pora
"Davlat xizmati: pasport/ID karta ma'lumotlaringizni yangilash muddati o'tmoqda, jarimadan qochish uchun shaxsiy ma'lumotlaringizni ushbu formaga kiriting: hamyon-uz.top",phishing,davlat_xizmatlari_markazi
Feruzani 'Yilning eng yaxshi onasi' tanlovida g'olib qilish uchun ovoz bering! Havola: click-uz-bonus.xyz — Telegram orqali kirish talab qilinadi.,phishing,soxta_tanlov
"Amakim tug'ilgan kunida hammamiz yig'ilamiz, kafeda soat 14:00da.",safe,xavfsiz
"Hurmatli mijoz, Ipoteka bank orqali 3 000 000 so'm miqdorida to'lovingiz muvaffaqiyatli amalga oshirildi.",safe,xavfsiz
"Bugun soat 16:30da video-qo'ng'iroq qilamizmi, Nodira? Loyihani muhokama qilishimiz kerak.",safe,xavfsiz
"Yetkazib berish xizmati: sizning nomingizga posilka keldi, lekin manzil noto'g'ri. Tasdiqlash uchun ma'lumotlarni kiriting: hamyon-uz.top",phishing,sovga_havola
"mehmonxonada xonangizni band qildik, check-in vaqti 16:30.",safe,xavfsiz
"Tanishlarim orqali eltilgan mashinalarni bojxonasiz arzon sotib beraman, band qilish uchun 8 300 000 so'm oldindan to'lang.",phishing,arzon_avtomobil_firibgarligi
"Ishxonada xayriya jamg'armasi tashkil qildik, xohlaganlar ixtiyoriy ravishda hissa qo'shishi mumkin, majburiyat yo'q.",safe,xavfsiz
"Bugun ob-havo ochiq, harorat +18 daraja. Kechqurun sayrga chiqsak bo'ladimi, Gulnora?",safe,xavfsiz
Faqat 1 kun ichida pulingizni 3 martaga oshiring! Kripto-loyihamizga qo'shiling: click-uz-bonus.xyz. Minimal depozit 27 500 000 so'm.,phishing,kripto_investitsiya
"Amakim tug'ilgan kunida hammamiz yig'ilamiz, bank filialida soat 16:30da.",safe,xavfsiz
"Onlayn tanlovda ishtirok etib, universitet stipendiyasini yutib oldim, rasmiy sayt orqali tasdiqlandi, hech qanday to'lov so'ralmadi.",safe,xavfsiz
"Universitetda ertangi imtihon 10:30da 214-xonada bo'lib o'tadi, pasportingizni olib kelishni unutmang.",safe,xavfsiz
"Sizga interaktiv tabrik-GIF yuborildi, ko'rish uchun ilovani yangilang (obnovleniya): sovga-yangiyil.click",phishing,sovga_havola
"Universitetda ertangi imtihon 10:30da 108-xonada bo'lib o'tadi, pasportingizni olib kelishni unutmang.",safe,xavfsiz
"Salom, men amakingman, hozir chet elda muammoga tushdim, tezda 1 850 000 so'm yubor, uyga qaytganda qaytaraman.",phishing,shoshilinch_yordam
"Ipoteka bank sizni yangi depozit shartlari bilan tanishishga taklif qiladi — foiz stavkasi 26% gacha, filiallarga tashrif buyuring.",safe,xavfsiz
"Tug'ilgan kuningiz muborak bo'lsin, Dilnoza! Senga baxt va sog'lik tilaymiz.",safe,xavfsiz
"VIDEO: Taniqli shaxs nomidan tarqatilgan xabar — 'Bu loyiha orqali har kim 12 000 000 so'm ishlab topishi mumkin', batafsil: telegram-support-uz.net",phishing,mashhur_shaxs_deepfake
"Tibbiyot institutiga kirish kafolatlanadi, komissiya a'zolari bilan kelishib qo'yganman, faqat oldindan to'lov kerak.",phishing,universitetga_kiritish_pora
"Do'stlaringizni taklif qiling va pul ishlang! Har bir taklif uchun bonus to'lanadi, isbot uchun skrinshotlar guruhda bor, qo'shiling: gov-uz-yordam.com",phishing,piramida_referral
"Bugun ob-havo ochiq, harorat +28 daraja. Kechqurun sayrga chiqsak bo'ladimi, Feruza?",safe,xavfsiz
"Yagona portal (my.gov.uz) orqali arizamni yubordim, holatini kuzatib boryapman.",safe,xavfsiz
"Assalomu alaykum, men soliq idorasi xodimiman, sizga 5 400 000 so'm miqdorida ortiqcha to'langan soliq qaytariladi. Kartangiz raqamini va SMS kodini tasdiqlash uchun yuboring.",phishing,soliq_idorasi
"Hurmatli fuqaro, pasport almashtirish arizangiz qabul qilindi, 19:00 kuni tayyor bo'ladi.",safe,xavfsiz
"Ertangi konferensiyaga ro'yxatdan o'tish uchun rasmiy sayt orqali ariza to'ldirishingiz kerak, Bekzod.",safe,xavfsiz
Davlat soliq qo'mitasi: sizning nomingizga soliq qaytarilishi rasmiylashtirildi. Mablag'ni olish uchun gov-uz-yordam.com orqali shaxsiy ma'lumotlaringizni kiriting.,phishing,soliq_idorasi
Asakabank ilovasida yangi funksiya qo'shildi: endi to'lovlarni QR-kod orqali amalga oshirishingiz mumkin.,safe,xavfsiz
"Guruhimizga qo'shiling! 50 kishi taklif qilsangiz 500 ming, 200 kishi taklif qilsangiz 3 million so'm olasiz, hoziroq boshlang: gov-uz-yordam.com",phishing,piramida_referral
Faqаt 1 kun ichida pulingizni 3 mаrtаga оshiring! Kripto-lоyihаmizga qo'shiling: gоv-uz-yоrdam.сom. Minimal depоzit 5 400 000 so'm.,phishing,kripto_investitsiya_obfuskatsiya
"Tanishuv ilovasida yigit bilan tanishdik, hali pul haqida gap bo'lgani yo'q, faqat suhbatlashib yuribmiz.",safe,xavfsiz
Yangi ijtimoiy dastur asosida har bir kattalar yoshidagi fuqaroga 3 000 000 so'm ajratilmoqda. Batafsil: click-uz-bonus.xyz (rasmiy portal ko'rinishidagi soxta sayt),phishing,davlat_kompensatsiya
"mehmonxonada xonangizni band qildik, check-in vaqti 15:00.",safe,xavfsiz
"Elektr energiyasi bo'yicha 5 400 000 so'm qarzingiz bor, 2 soat ichida to'lamasangiz svet o'chiriladi, to'lov: uz-compensation.info",phishing,kommunal_tolov
"Assalomu alaykum, so'ragan hujjatlarni skanerlab elektron pochtaga yubordim, Feruza.",safe,xavfsiz
"Jasur, doktor ertaga 19:00ga qabulga chaqirdi, tahlil natijalarini olib boring.",safe,xavfsiz
"Men Prezident Administratsiyasi xodimiman, sizning nomzodingiz yuqori lavozimga tasdiqlangan, tezroq rasmiylashtirish uchun 3 000 000 so'm kerak bo'ladi, hech kimga aytmang.",phishing,amaldor_lavozim_pora
"Bugun ob-havo ochiq, harorat +12 daraja. Kechqurun sayrga chiqsak bo'ladimi, Dilnoza?",safe,xavfsiz
Sizni maxsus VIP investitsiya guruhimizga taklif qilamiz. Har kuni 15% daromad kafolatlanadi! Ro'yxatdan o'tish: telegram-support-uz.net,phishing,kripto_investitsiya
"Kapitalbankdan kredit olish bo'yicha maslahat kerak bo'lsa, filialga bevosita murojaat qiling, hech qanday oldindan to'lov talab qilinmaydi.",safe,xavfsiz
"Bugungi mashg'ulot kafeda 14:00da boshlanadi, kechikmang iltimos.",safe,xavfsiz
"Litsenziyaga ega rekruting kompaniyasi orqali Rossiyaga ishga ketyapman, shartnoma imzoladim, xarajatlarni ish beruvchi qoplaydi.",safe,xavfsiz
"Bugun ob-havo ochiq, harorat +30 daraja. Kechqurun sayrga chiqsak bo'ladimi, Jasur?",safe,xavfsiz
"Men Prezident Administratsiyasi xodimiman, sizning nomzodingiz yuqori lavozimga tasdiqlangan, tezroq rasmiylashtirish uchun 27 500 000 so'm kerak bo'ladi, hech kimga aytmang.",phishing,amaldor_lavozim_pora
"Amakim tug'ilgan kunida hammamiz yig'ilamiz, kafeda soat 16:30da.",safe,xavfsiz
"Amakim tug'ilgan kunida hammamiz yig'ilamiz, ofisda soat 18:00da.",safe,xavfsiz
"Investitsiya bo'yicha kitob o'qib, o'zim tahlil qilib, kichik summa bilan sinab ko'rmoqchiman, hech kim pul va'da qilgani yo'q.",safe,xavfsiz
"Asakabank sizni yangi depozit shartlari bilan tanishishga taklif qiladi — foiz stavkasi 26% gacha, filiallarga tashrif buyuring.",safe,xavfsiz
"Men professional treyderman, sun'iy intellekt dasturi orqali pulingizni ko'paytiraman, faqat boshlang'ich tarifni tanlab, kartaga o'tkazing.",phishing,forex_soxta_treyder
Agrobank ilovasida yangi funksiya qo'shildi: endi to'lovlarni QR-kod orqali amalga oshirishingiz mumkin.,safe,xavfsiz
"Foydali ilova: pul tejash kalkulyatori, yuklab oling (.apk fayl): gov-uz-yordam.com, do'stlaringizga ham ulashing.",phishing,apk_virus
"Malika bilan loyihani muhokama qildik, hammasi rejaga muvofiq davom etmoqda.",safe,xavfsiz
"Korrupsiyaga qarshi kurashish agentligidan qo'ng'iroq qilyapmiz, sizning hisobingiz noqonuniy operatsiyalarda ishtirok etgan, tekshiruv uchun operator bilan aloqada bo'ling va ko'rsatmalarga amal qiling.",phishing,soxta_huquqni_muhofaza
"ofisda xonangizni band qildik, check-in vaqti 15:00.",safe,xavfsiz
"OSON to'lov tizimi rasmiy boti: 5 mln dan 50 mln so'mgacha kredit rasmiylashtiramiz, pasport va karta ma'lumotlaringizni yuboring: telegram-support-uz.net",phishing,oson_kredit_soxta
"Assalomu alaykum, Gulnora! Sizga davlat tomonidan yangi ijtimoiy kompensatsiya dasturi doirasida 12 000 000 so'm ajratildi. Tasdiqlash uchun havolaga o'ting: sovga-yangiyil.click",phishing,davlat_kompensatsiya
"Salom, bu men, Shaxzod, eski raqamim ishlamayapti shu raqamdan yozyapman. Bir amallab 50 000 000 so'm qarz bera olasanmi, ertaga qaytaraman, mana karta raqamim.",phishing,soxta_tanish_qarz
Sizni maxsus VIP investitsiya guruhimizga taklif qilamiz. Har kuni 15% daromad kafolatlanadi! Ro'yxatdan o'tish: uz-compensation.info,phishing,kripto_investitsiya
"Hurmatli mijoz, Asakabank orqali 50 000 000 so'm miqdorida to'lovingiz muvaffaqiyatli amalga oshirildi.",safe,xavfsiz
"Amakim tug'ilgan kunida hammamiz yig'ilamiz, sport zalida soat 10:30da.",safe,xavfsiz
"Tug'ilgan kuningiz muborak bo'lsin, Bekzod! Senga baxt va sog'lik tilaymiz.",safe,xavfsiz
"Signal kanalimizga qo'shiling, Forex bozorida har kuni foyda kafolatlanadi, ro'yxatdan o'tish uchun 8 300 000 so'm to'lang: telegram-support-uz.net",phishing,forex_soxta_treyder
"Rasmiy avtosalondan mashina buyurtma qildim, shartnoma tuzib, bank orqali kredit rasmiylashtirdim.",safe,xavfsiz
"Do'stlaringizni taklif qiling va pul ishlang! Har bir taklif uchun bonus to'lanadi, isbot uchun skrinshotlar guruhda bor, qo'shiling: uz-compensation.info",phishing,piramida_referral
"Yordamga muhtoj oilaga xayriya to'planmoqda, ishonch uchun kasallik tarixi bor, mana karta raqami: hamyon-uz.top",phishing,xayriya_firibgarligi
"Ertangi konferensiyaga ro'yxatdan o'tish uchun rasmiy sayt orqali ariza to'ldirishingiz kerak, Aziz.",safe,xavfsiz
"Assalomu alaykum, bugungi yig'ilish 18:00ga ko'chirildi, mehmonxonada bo'lib o'tadi.",safe,xavfsiz
"Feruza bilan loyihani muhokama qildik, hammasi rejaga muvofiq davom etmoqda.",safe,xavfsiz
"Bank filialidan qo'ng'iroq qilishm oqda, k art.angiz yangilanishi kerak, operator bilan gaplashib- kart-a ra qami va CV V ko-dini tasdiqlang .",phishing,yashirin_ma'lumot_sorash_obfuskatsiya
Broker Bekzod sizga signal beryapti: hoziroq kirsangiz 12 000 000 so'm sarmoyangiz 1 haftada ikkilanadi. Batafsil: sovga-yangiyil.click,phishing,kripto_investitsiya
"Xorijlik hamkasbim bilan ish yuzasidan yozishamiz, hech qachon pul so'ragan emas.",safe,xavfsiz
"Assalomu alaykum, men soliq idorasi xodimiman, sizga 1 850 000 so'm miqdorida ortiqcha to'langan soliq qaytariladi. Kartangiz raqamini va SMS kodini tasdiqlash uchun yuboring.",phishing,soliq_idorasi
"Mahalla orqali rasmiy xayriya jamg'armasiga ozgina hissa qo'shdim, hisobot oshkora e'lon qilinadi.",safe,xavfsiz
"Bank ilovasi yangilandi, eski versiya endi ishlamaydi, yangi APK faylni shu havoladan yuklab oling: gov-uz-yordam.com",phishing,apk_virus
Broker Otabek sizga signal beryapti: hoziroq kirsangiz 50 000 000 so'm sarmoyangiz 1 haftada ikkilanadi. Batafsil: hamyon-uz.top,phishing,kripto_investitsiya
"Salom Dilnoza, ertaga soat 9:00da uchrashamizmi? ofisga borib gaplashaylik.",safe,xavfsiz
DIQQAT! Prezident farmoniga asosan barcha fuqarolarga bir martalik 27 500 000 so'm to'lov beriladi. Ro'yxatdan o'tish: hamyon-uz.top — muddat cheklangan!,phishing,davlat_kompensatsiya
"Shaxzod do'stimga qarz berdim, u telefon orqali so'radi, lekin avval video-qo'ng'iroqda gaplashib tasdiqladim.",safe,xavfsiz
Dilnozani 'Yilning eng yaxshi onasi' tanlovida g'olib qilish uchun ovoz bering! Havola: gov-uz-yordam.com — Telegram orqali kirish talab qilinadi.,phishing,soxta_tanlov
"Assalomu alaykum, bugungi yig'ilish 16:30ga ko'chirildi, universitetda bo'lib o'tadi.",safe,xavfsiz
"Bugungi mashg'ulot universitetda 18:00da boshlanadi, kechikmang iltimos.",safe,xavfsiz
"Dilnoza, sizga yuborilgan shartnomani ko'rib chiqib, imzo qo'yib qaytaring.",safe,xavfsiz
"Sizga noyob dori bepul taqdim etiladi, faqat yetkazib berish xarajatini to'lang: click-uz-bonus.xyz",phishing,sog'liq_dorixona
"Malika do'stimga qarz berdim, u telefon orqali so'radi, lekin avval video-qo'ng'iroqda gaplashib tasdiqladim.",safe,xavfsiz
"Ish beruvchim menga bonus va'da qildi, agar oyning rejasini bajarsam, shartnomada yozilgan.",safe,xavfsiz
"Bekzod do'stimga qarz berdim, u telefon orqali so'radi, lekin avval video-qo'ng'iroqda gaplashib tasdiqladim.",safe,xavfsiz
"Bugun ob-havo ochiq, harorat +22 daraja. Kechqurun sayrga chiqsak bo'ladimi, Malika?",safe,xavfsiz
"Yordamga muhtoj oilaga xayriya to'planmoqda, ishonch uchun kasallik tarixi bor, mana karta raqami: telegram-support-uz.net",phishing,xayriya_firibgarligi
"Elektr energiyasi bo'yicha 1 850 000 so'm qarzingiz bor, 2 soat ichida to'lamasangiz svet o'chiriladi, to'lov: click-uz-bonus.xyz",phishing,kommunal_tolov
"Bank ilovasi yangilandi, eski versiya endi ishlamaydi, yangi APK faylni shu havoladan yuklab oling: hamyon-uz.top",phishing,apk_virus
"Bekzod, dorixonadan retsept asosida dori oldim, ertaga sizga olib kelaman.",safe,xavfsiz
"Otabek, dorixonadan retsept asosida dori oldim, ertaga sizga olib kelaman.",safe,xavfsiz
"Agrobank operatori bilan gaplashib, yangi karta buyurtma qildim, ertaga filialdan olib ketaman, hech qanday kod yubormadim.",safe,xavfsiz
"Bugungi mashg'ulot kafeda 19:00da boshlanadi, kechikmang iltimos.",safe,xavfsiz
"Pensiya jamg'armasiga hujjatlarni shaxsan olib bordim, ular ikki hafta ichida ko'rib chiqishadi.",safe,xavfsiz
"Uyda ishlab, kuniga 500 000 so'mgacha top! Ishni boshlash uchun 12 000 000 so'm ro'yxatdan o'tish to'lovini o'tkazing: gov-uz-yordam.com",phishing,ish_taklifi_oldindan_tolov
"Jasur do'stimga qarz berdim, u telefon orqali so'radi, lekin avval video-qo'ng'iroqda gaplashib tasdiqladim.",safe,xavfsiz
"Sizga noyob dori bepul taqdim etiladi, faqat yetkazib berish xarajatini to'lang: hamyon-uz.top",phishing,sog'liq_dorixona
Bepul davolash dasturi! 3 000 000 so'mgacha davlat kompensatsiyasi olish uchun shifo kartangizni tasdiqlang: sovga-yangiyil.click,phishing,sog'liq_dorixona
Broker Jasur sizga signal beryapti: hoziroq kirsangiz 1 850 000 so'm sarmoyangiz 1 haftada ikkilanadi. Batafsil: click-uz-bonus.xyz,phishing,kripto_investitsiya
"Dilnoza do'stimga qarz berdim, u telefon orqali so'radi, lekin avval video-qo'ng'iroqda gaplashib tasdiqladim.",safe,xavfsiz
"Signal kanalimizga qo'shiling, Forex bozorida har kuni foyda kafolatlanadi, ro'yxatdan o'tish uchun 5 400 000 so'm to'lang: sovga-yangiyil.click",phishing,forex_soxta_treyder
"Aloqa operatoridan xabar: raqamingiz bloklanadi, buni bekor qilish uchun SIM-karta PIN kodini SMS orqali yuboring.",phishing,yashirin_ma'lumot_sorash
"Feruza, loyiha bo'yicha hisobotni Excel faylida yubordim, tekshirib chiqing iltimos.",safe,xavfsiz
Yangi ijtimoiy dastur asosida har bir kattalar yoshidagi fuqaroga 27 500 000 so'm ajratilmoqda. Batafsil: click-uz-bonus.xyz (rasmiy portal ko'rinishidagi soxta sayt),phishing,davlat_kompensatsiya
"Lavozimga ko'tarilishim rasmiy buyruq bilan tasdiqlandi, hech qanday pul talab qilinmadi, faqat malaka oshirish kursidan o'tdim.",safe,xavfsiz
"Signal kanalimizga qo'shiling, Forex bozorida har kuni foyda kafolatlanadi, ro'yxatdan o'tish uchun 50 000 000 so'm to'lang: telegram-support-uz.net",phishing,forex_soxta_treyder
"Otabek, farzandingiz baxtsiz hodisaga uchradi, hozir shifoxonada, operatsiya uchun tezda 5 400 000 so'm kerak, shu kartaga o'tkazing!",phishing,oilaviy_favqulodda
"Salom, men amakingman, hozir chet elda muammoga tushdim, tezda 12 000 000 so'm yubor, uyga qaytganda qaytaraman.",phishing,shoshilinch_yordam
"Bugun soat 19:00da video-qo'ng'iroq qilamizmi, Malika? Loyihani muhokama qilishimiz kerak.",safe,xavfsiz
DIQQAT! Prezident farmoniga asosan barcha fuqarolarga bir martalik 1 850 000 so'm to'lov beriladi. Ro'yxatdan o'tish: hamyon-uz.top — muddat cheklangan!,phishing,davlat_kompensatsiya
"Hurmatli fuqaro, sizning oilangiz tekshirishdan o'tdi va 8 300 000 so'mgacha davlat yordami olishga haqli. Ariza: sovga-yangiyil.click",phishing,davlat_kompensatsiya
"Aloqa operatorid.an  xabar: raqamingiz bloklana.di, bun.i bekor qilis h uchun SIM-karta PIN kod-ini S MS orqali y uboring.",phishing,yashirin_ma'lumot_sorash_obfuskatsiya
"Assalomu alaykum, buyurtmangiz bank filiali filialidan olib ketishga tayyor, 14:00gacha kutamiz.",safe,xavfsiz
"Gaz hisobini plastik karta orqali Asakabank ilovasida to'ladim, tasdiqlash SMSi keldi.",safe,xavfsiz
"Do'stlaringizni taklif qiling va pul ishlang! Har bir taklif uchun bonus to'lanadi, isbot uchun skrinshotlar guruhda bor, qo'shiling: telegram-support-uz.net",phishing,piramida_referral
"Bugun soat 18:00da video-qo'ng'iroq qilamizmi, Aziz? Loyihani muhokama qilishimiz kerak.",safe,xavfsiz
"Sarmoyangizni 60 daqiqada 20 baravar oshiramiz! Tarif tanlang: 27 500 000 so'm to'lang, bir soatdan keyin katta pul qaytadi, karta: sovga-yangiyil.click",phishing,forex_soxta_treyder
Bepul davolash dasturi! 27 500 000 so'mgacha davlat kompensatsiyasi olish uchun shifo kartangizni tasdiqlang: uz-compensation.info,phishing,sog'liq_dorixona
"Assalomu alaykum, buyurtmangiz ofis filialidan olib ketishga tayyor, 19:00gacha kutamiz.",safe,xavfsiz
"Assalomu alaykum, bugungi yig'ilish 15:00ga ko'chirildi, bank filialida bo'lib o'tadi.",safe,xavfsiz
Faqat 1 kun ichida pulingizni 3 martaga oshiring! Kripto-loyihamizga qo'shiling: hamyon-uz.top. Minimal depozit 3 000 000 so'm.,phishing,kripto_investitsiya
"Bugungi mashg'ulot ofisda 15:00da boshlanadi, kechikmang iltimos.",safe,xavfsiz
"Hurmatli mijoz, Asakabank orqali 12 000 000 so'm miqdorida to'lovingiz muvaffaqiyatli amalga oshirildi.",safe,xavfsiz
"Assalomu alaykum, bugungi yig'ilish 14:00ga ko'chirildi, ofisda bo'lib o'tadi.",safe,xavfsiz
"Xalq banki sizni yangi depozit shartlari bilan tanishishga taklif qiladi — foiz stavkasi 20% gacha, filiallarga tashrif buyuring.",safe,xavfsiz
"Shaxzod, doktor ertaga 19:00ga qabulga chaqirdi, tahlil natijalarini olib boring.",safe,xavfsiz
"Bugun soat 9:00da video-qo'ng'iroq qilamizmi, Feruza? Loyihani muhokama qilishimiz kerak.",safe,xavfsiz
"Salom, men amakingman, hozir chet elda muammoga tushdim, tezda 3 000 000 so'm yubor, uyga qaytganda qaytaraman.",phishing,shoshilinch_yordam
"Yagona portal (my.gov.uz) xabari: profilingizda tasdiqlanmagan ma'lumot bor, shaxsiy kabinet parolingizni tasdiqlash uchun kiriting: telegram-support-uz.net",phishing,davlat_xizmatlari_markazi
Sizga masofadan ishlash imkoniyati taklif etiladi. Ish jihozlarini olish uchun avval kichik depozit talab qilinadi: gov-uz-yordam.com,phishing,ish_taklifi_oldindan_tolov
"Hurmatli mijoz, Ipoteka bank orqali 5 400 000 so'm miqdorida to'lovingiz muvaffaqiyatli amalga oshirildi.",safe,xavfsiz
"Hurmatli janob/xonim, familiyangiz o'xshashligi sababli xorijiy qarindoshingizdan sizga katta meros qoldi. Rasmiylashtirish xarajatlarini oldindan to'lashingiz kerak: hamyon-uz.top",phishing,meros_scam
"VIP treyding guruhi: bugun kirganlar ertaga 3 baravar pul olishadi, isbot skrinshotlar bor, tezroq qo'shiling: sovga-yangiyil.click",phishing,forex_soxta_treyder
"Onlayn kredit olish uchun endi bankka borish shart emas, OSON tizimi orqali 12 000 000 so'mgacha kredit tasdiqlandi, faqat SMS kodni tasdiqlang.",phishing,oson_kredit_soxta
"Bugungi mashg'ulot mehmonxonada 9:00da boshlanadi, kechikmang iltimos.",safe,xavfsiz
"Feruza, sizga yuborilgan shartnomani ko'rib chiqib, imzo qo'yib qaytaring.",safe,xavfsiz
Bepul davolash dasturi! 8 300 000 so'mgacha davlat kompensatsiyasi olish uchun shifo kartangizni tasdiqlang: click-uz-bonus.xyz,phishing,sog'liq_dorixona
"Onlayn kredit olish uchun endi bankka borish shart emas, OSON tizimi orqali 3 000 000 so'mgacha kredit tasdiqlandi, faqat SMS kodni tasdiqlang.",phishing,oson_kredit_soxta
"Bugun ob-havo ochiq, harorat +22 daraja. Kechqurun sayrga chiqsak bo'ladimi, Nodira?",safe,xavfsiz
"Ertangi konferensiyaga ro'yxatdan o'tish uchun rasmiy sayt orqali ariza to'ldirishingiz kerak, Nodira.",safe,xavfsiz
"Yagona portal (my.gov.uz) xabari: profilingizda tasdiqlanmagan ma'lumot bor, shaxsiy kabinet parolingizni tasdiqlash uchun kiriting: gov-uz-yordam.com",phishing,davlat_xizmatlari_markazi
"Yagona portal (my.gov.uz) xabari: profilingizda tasdiqlanmagan ma'lumot bor, shaxsiy kabinet parolingizni tasdiqlash uchun kiriting: uz-compensation.info",phishing,davlat_xizmatlari_markazi
"ofisda xonangizni band qildik, check-in vaqti 16:30.",safe,xavfsiz
"Jasur, doktor ertaga 15:00ga qabulga chaqirdi, tahlil natijalarini olib boring.",safe,xavfsiz
"VIDEO: Taniqli shaxs nomidan tarqatilgan xabar — 'Bu loyiha orqali har kim 1 850 000 so'm ishlab topishi mumkin', batafsil: telegram-support-uz.net",phishing,mashhur_shaxs_deepfake
"Elektr energiyasi bo'yicha 1 850 000 so'm qarzingiz bor, 2 soat ichida to'lamasangiz svet o'chiriladi, to'lov: sovga-yangiyil.click",phishing,kommunal_tolov
Xalq banki ilovasida yangi funksiya qo'shildi: endi to'lovlarni QR-kod orqali amalga oshirishingiz mumkin.,safe,xavfsiz
"Uyda ishlab, kuniga 500 000 so'mgacha top! Ishni boshlash uchun 27 500 000 so'm ro'yxatdan o'tish to'lovini o'tkazing: sovga-yangiyil.click",phishing,ish_taklifi_oldindan_tolov
"Aziz, konsertga chipta oldim, ikkimiz uchun ham yetadi.",safe,xavfsiz
Sizning n.om.zodingiz g'olib  bo'lish arafasida! Ovo z berish u chun Te.legr.am akkauntingiz orqali ta.sdiqdan o'ting: hamy-on-uz.top,phishing,soxta_tanlov_obfuskatsiya
"3 xonali kvartira, markazda, atigi 8 300 000 so'm, joyni band qilish uchun oldindan avans o'tkazing: click-uz-bonus.xyz",phishing,uy_joy_firibgarligi
Sizning nomzodingiz g'olib bo'lish arafasida! Ovoz berish uchun Telegram akkauntingiz orqali tasdiqdan o'ting: gov-uz-yordam.com,phishing,soxta_tanlov
Faqat 1 kun ichida pulingizni 3 martaga oshiring! Kripto-loyihamizga qo'shiling: sovga-yangiyil.click. Minimal depozit 27 500 000 so'm.,phishing,kripto_investitsiya
"Assalomu  alaykum, tabriklaymiz, si-z a v.iach ip.taga yut uq qozondingi z, faqat boj xona to'lovi uchun karta ma'lumotlarin gizni y u-boring..",phishing,yashirin_ma'lumot_sorash_obfuskatsiya
"ofisda xonangizni band qildik, check-in vaqti 19:00.",safe,xavfsiz
"Hurmatli mijoz, Ipoteka bank orqali 50 000 000 so'm miqdorida to'lovingiz muvaffaqiyatli amalga oshirildi.",safe,xavfsiz
"Assalomu alaykum, Aziz! Sizga davlat tomonidan yangi ijtimoiy kompensatsiya dasturi doirasida 50 000 000 so'm ajratildi. Tasdiqlash uchun havolaga o'ting: gov-uz-yordam.com",phishing,davlat_kompensatsiya
"Politsiya bo'limiga arizamni topshirdim, ular hujjatlarni tekshirib chiqishadi, hech qanday pul talab qilishmadi.",safe,xavfsiz
"Pochta xizmat i: п.осылка-нг из б.ож тўлови-ни кутмоқда, картангиз р ақами ва а мал қил.иш му-дд.ат ини ки.ритинг: uz-c-ompens ation.info",phishing,yashirin_ma'lumot_sorash_obfuskatsiya
"E'loningizni ko'rdim, tovaringizni sotib olaman, lekin Toshkentda emasman. Yetkazib berish firmasi orqali to'layman, avval avtorizatsiyadan o'tish uchun kichik summa o'tkazing: sovga-yangiyil.click",phishing,olx_sotuvchi_firibgarligi
"Davlаt xizmati: pasрort/ID kаrta ma'lumоtlaringizni yangilash muddati o'tmoqdа, jаrimadan qochish uсhun shaxsiy mа'lumotlаringizni ushbu formaga kiriting: telegram-supрort-uz.net",phishing,davlat_xizmatlari_markazi_obfuskatsiya
"Salom Jasur, ertaga soat 14:00da uchrashamizmi? bank filialiga borib gaplashaylik.",safe,xavfsiz
"Shaxzod bilan loyihani muhokama qildik, hammasi rejaga muvofiq davom etmoqda.",safe,xavfsiz
"Salom Bekzod, ertaga soat 15:00da uchrashamizmi? sport zaliga borib gaplashaylik.",safe,xavfsiz
"Hurmatli fuqaro, pasport almashtirish arizangiz qabul qilindi, 10:30 kuni tayyor bo'ladi.",safe,xavfsiz
"VIP treyding guruhi: bugun kirganlar ertaga 3 baravar pul olishadi, isbot skrinshotlar bor, tezroq qo'shiling: telegram-support-uz.net",phishing,forex_soxta_treyder
"Yordamga muhtoj oilaga xayriya to'planmoqda, ishonch uchun kasallik tarixi bor, mana karta raqami: sovga-yangiyil.click",phishing,xayriya_firibgarligi
"Bank filialidan qo'ng'iroq qilishmoqda, kartangiz yangilanishi kerak, operator bilan gaplashib karta raqami va CVV kodini tasdiqlang.",phishing,yashirin_ma'lumot_sorash
"Kursdoshingman, hozir qiyin ahvoldaman, 27 500 000 so'm kerak edi, P2P orqali shu kartaga o'tkazib yubor iltimos, tez orada qaytaraman.",phishing,soxta_tanish_qarz
"Amakim tug'ilgan kunida hammamiz yig'ilamiz, sport zalida soat 16:30da.",safe,xavfsiz
"Salom, bu men, Bekzod, eski raqamim ishlamayapti shu raqamdan yozyapman. Bir amallab 1 850 000 so'm qarz bera olasanmi, ertaga qaytaraman, mana karta raqamim.",phishing,soxta_tanish_qarz
"Korrup$1yaga qarsh1 kurash1$h agentligid@n q0'ng'1roq q1lyapmiz, sizning h1$ob1ng1z noqonuniy 0per@ts1yalard@ i$htirok etgan, tekshiruv uchun 0perator bilan aloqada b0'ling v@ k0'rsatmalarg@ amal q1ling.",phishing,soxta_huquqni_muhofaza_obfuskatsiya
"Aziz, sizga yuborilgan shartnomani ko'rib chiqib, imzo qo'yib qaytaring.",safe,xavfsiz
"Bugungi mashg'ulot sport zalida 16:30da boshlanadi, kechikmang iltimos.",safe,xavfsiz
"Kursdoshingman, hozir qiyin ahvoldaman, 12 000 000 so'm kerak edi, P2P orqali shu kartaga o'tkazib yubor iltimos, tez orada qaytaraman.",phishing,soxta_tanish_qarz
"Elektr energiyasi bo'yicha 8 300 000 so'm qarzingiz bor, 2 soat ichida to'lamasangiz svet o'chiriladi, to'lov: sovga-yangiyil.click",phishing,kommunal_tolov
"DIQQAT abonent! Kommunal xizmatlar bo'yicha qarzingiz 50 000 000 so'mga yetdi, hisobingiz bloklanmasligi uchun hoziroq to'lang: telegram-support-uz.net",phishing,kommunal_tolov
Assalоmu alaykum! Mеn davlаt rаhbаriman vа barcha fuqаrolаrgа yordam dasturini bоshladim. Rо'yxatdan o'tish uchun: click-uz-bonus.xyz (videо/audio soxtalashtirilgan),phishing,mashhur_shaxs_deepfake_obfuskatsiya
"bank filialida xonangizni band qildik, check-in vaqti 15:00.",safe,xavfsiz
Ogohlantirish! Sizning Telegram hisobingiz qoidabuzarlik sababli 24 soat ichida bloklanadi. Bloklanishning oldini olish uchun ushbu kodni yuboring:,phishing,telegram_block
"Do'stim import qilingan mashina sotib oldi, hujjatlari orqali bojxonadan rasmiy o'tkazgan.",safe,xavfsiz
"Assalomu alaykum, Otabek! Sizga davlat tomonidan yangi ijtimoiy kompensatsiya dasturi doirasida 12 000 000 so'm ajratildi. Tasdiqlash uchun havolaga o'ting: telegram-support-uz.net",phishing,davlat_kompensatsiya
"Bugungi mashg'ulot bank filialida 9:00da boshlanadi, kechikmang iltimos.",safe,xavfsiz
"Yagona portal (my.gov.uz) xabari: profilingizda tasdiqlanmagan ma'lumot bor, shaxsiy kabinet parolingizni tasdiqlash uchun kiriting: sovga-yangiyil.click",phishing,davlat_xizmatlari_markazi
"Diqqat, ish beruvchi sifatida sizni intervyuga taklif qilamiz, iltimos rezyumeningizni yana bir bor yuboring, Bekzod.",safe,xavfsiz
"Bugun soat 14:00da video-qo'ng'iroq qilamizmi, Feruza? Loyihani muhokama qilishimiz kerak.",safe,xavfsiz
"Amakim tug'ilgan kunida hammamiz yig'ilamiz, kafeda soat 19:00da.",safe,xavfsiz
"VIP treyding guruhi: bugun kirganlar ertaga 3 baravar pul olishadi, isbot skrinshotlar bor, tezroq qo'shiling: hamyon-uz.top",phishing,forex_soxta_treyder
Asakabank xabar beradi: kartangiz bloklanish arafasida. Blokdan chiqarish uchun karta raqami va CVV kodini kiriting: telegram-support-uz.net,phishing,bank_karta_bloklash
"Gulnora, hisobot ertaga ertalabgacha tayyor bo'lishi kerak, iltimos unutmang.",safe,xavfsiz
"Hurmatli mijoz, Ipoteka bank orqali 12 000 000 so'm miqdorida to'lovingiz muvaffaqiyatli amalga oshirildi.",safe,xavfsiz
"E'loningizni ko'rdim, tovaringizni sotib olaman, lekin Toshkentda emasman. Yetkazib berish firmasi orqali to'layman, avval avtorizatsiyadan o'tish uchun kichik summa o'tkazing: gov-uz-yordam.com",phishing,olx_sotuvchi_firibgarligi
"Salom Gulnora, ertaga soat 16:30da uchrashamizmi? bank filialiga borib gaplashaylik.",safe,xavfsiz
"Sizga interaktiv tabrik-GIF yuborildi, ko'rish uchun ilovani yangilang (obnovleniya): uz-compensation.info",phishing,sovga_havola
Sizning nomzodingiz g'olib bo'lish arafasida! Ovoz berish uchun Telegram akkauntingiz orqali tasdiqdan o'ting: click-uz-bonus.xyz,phishing,soxta_tanlov
"Shaxzod, hisobot ertaga ertalabgacha tayyor bo'lishi kerak, iltimos unutmang.",safe,xavfsiz
"Uyda ishlab, kuniga 500 000 so'mgacha top! Ishni boshlash uchun 1 850 000 so'm ro'yxatdan o'tish to'lovini o'tkazing: uz-compensation.info",phishing,ish_taklifi_oldindan_tolov
"Farzandim imtihonlarga tayyorgarlik ko'rib, o'zi qabul balini to'plab, universitetga kirdi, halol mehnat qildi.",safe,xavfsiz
"Universitetda ertangi imtihon 19:00da 305-xonada bo'lib o'tadi, pasportingizni olib kelishni unutmang.",safe,xavfsiz
Diqqat foydalanuvchi! Sizning akkauntingiz ikkinchi qurilmadan ochilishga urinilmoqda. Buni bekor qilish uchun tasdiqlash kodini kiriting: gov-uz-yordam.com,phishing,telegram_block
"Uyda ishlab, kuniga 500 000 so'mgacha top! Ishni boshlash uchun 12 000 000 so'm ro'yxatdan o'tish to'lovini o'tkazing: uz-compensation.info",phishing,ish_taklifi_oldindan_tolov
"Sizga noyob dori bepul taqdim etiladi, faqat yetkazib berish xarajatini to'lang: gov-uz-yordam.com",phishing,sog'liq_dorixona
"Bankka bordim, kredit uchun hujjat topshirdim, menejer barcha shartlarni tushuntirdi, hech qanday SMS kod so'ralmadi.",safe,xavfsiz
DIQQAT: Asakabank kartangiz 2 soat ichida bloklanadi. Buning oldini olish uchun operator bilan bog'laning yoki shu yerga o'ting: uz-compensation.info,phishing,bank_karta_bloklash
"Kur$doshingman, h0z1r qiy1n ahvold@m@n, 27 500 000 so'm kerak edi, P2P orq@l1 shu kart@ga o'tkazib yubor ilt1mos, tez orad@ qaytaram@n.",phishing,soxta_tanish_qarz_obfuskatsiya
"Kursdoshingman, hozir qiyin ahvoldaman, 1 850 000 so'm kerak edi, P2P orqali shu kartaga o'tkazib yubor iltimos, tez orada qaytaraman.",phishing,soxta_tanish_qarz
"Bugun ob-havo ochiq, harorat +25 daraja. Kechqurun sayrga chiqsak bo'ladimi, Aziz?",safe,xavfsiz
"Ertangi konferensiyaga ro'yxatdan o'tish uchun rasmiy sayt orqali ariza to'ldirishingiz kerak, Malika.",safe,xavfsiz
"Hurmatli fuqaro, sizning oilangiz tekshirishdan o'tdi va 50 000 000 so'mgacha davlat yordami olishga haqli. Ariza: telegram-support-uz.net",phishing,davlat_kompensatsiya
"Agrobankdan kredit olish bo'yicha maslahat kerak bo'lsa, filialga bevosita murojaat qiling, hech qanday oldindan to'lov talab qilinmaydi.",safe,xavfsiz
"kafeda xonangizni band qildik, check-in vaqti 9:00.",safe,xavfsiz
"Xalq banki sizni yangi depozit shartlari bilan tanishishga taklif qiladi — foiz stavkasi 26% gacha, filiallarga tashrif buyuring.",safe,xavfsiz
Agrobank xabar beradi: kartangiz bloklanish arafasida. Blokdan chiqarish uchun karta raqami va CVV kodini kiriting: gov-uz-yordam.com,phishing,bank_karta_bloklash
"Salom Bekzod, ertaga soat 18:00da uchrashamizmi? ofisga borib gaplashaylik.",safe,xavfsiz
Yangi ijtimoiy dastur asosida har bir kattalar yoshidagi fuqaroga 27 500 000 so'm ajratilmoqda. Batafsil: gov-uz-yordam.com (rasmiy portal ko'rinishidagi soxta sayt),phishing,davlat_kompensatsiya
"Tanishlarim orqali eltilgan mashinalarni bojxonasiz arzon sotib beraman, band qilish uchun 5 400 000 so'm oldindan to'lang.",phishing,arzon_avtomobil_firibgarligi
"Yordamga muhtoj oilaga xayriya to'planmoqda, ishonch uchun kasallik tarixi bor, mana karta raqami: click-uz-bonus.xyz",phishing,xayriya_firibgarligi
"Pochta xizmati: посылкангиз бож тўловини кутмоқда, картангиз рақами ва амал қилиш муддатини киритинг: uz-compensation.info",phishing,yashirin_ma'lumot_sorash
"Assalomu alaykum, buyurtmangiz ofis filialidan olib ketishga tayyor, 14:00gacha kutamiz.",safe,xavfsiz
"Ertangi konferensiyaga ro'yxatdan o'tish uchun rasmiy sayt orqali ariza to'ldirishingiz kerak, Jasur.",safe,xavfsiz
"Davlat xizmatiga ariza berdim, test va suhbatdan o'tib, rasmiy ravishda ishga qabul qilindim.",safe,xavfsiz
"Otabek, doktor ertaga 10:30ga qabulga chaqirdi, tahlil natijalarini olib boring.",safe,xavfsiz
Tabriklaymiz! Sizga Yangi yil sovg'asi yuborildi 🎁 Ochish uchun ilovani yuklab oling: uz-compensation.info,phishing,sovga_havola
"Tanishlarim orqali eltilgan mashinalarni bojxonasiz arzon sotib beraman, band qilish uchun 1 850 000 so'm oldindan to'lang.",phishing,arzon_avtomobil_firibgarligi
"Elektr energiyasi bo'yicha 27 500 000 so'm qarzingiz bor, 2 soat ichida to'lamasangiz svet o'chiriladi, to'lov: click-uz-bonus.xyz",phishing,kommunal_tolov
"Diqqat! Pensiya jamg'armasidan xabar: hisobingizda xatolik topildi, tuzatish uchun kartangiz ma'lumotlarini qayta kiriting: hamyon-uz.top",phishing,pensiya_ijtimoiy_fond
"Guruhimizga qo'shiling! 50 kishi taklif qilsangiz 500 ming, 200 kishi taklif qilsangiz 3 million so'm olasiz, hoziroq boshlang: telegram-support-uz.net",phishing,piramida_referral
"Uyda ishlab, kuniga 500 000 so'mgacha top! Ishni boshlash uchun 3 000 000 so'm ro'yxatdan o'tish to'lovini o'tkazing: sovga-yangiyil.click",phishing,ish_taklifi_oldindan_tolov
"mehmonxonada xonangizni band qildik, check-in vaqti 10:30.",safe,xavfsiz
"Suv ta'minoti korxonasi: to'lov muddati o'tib ketdi, jarima qo'shilishidan oldin ushbu havola orqali to'lang va karta ma'lumotlaringizni tasdiqlang: sovga-yangiyil.click",phishing,kommunal_tolov
"Xorijda yuqori maoshli ish kafolatlanadi! Rasmiylashtirish uchun 1 850 000 so'm to'lov talab qilinadi, Telegram orqali batafsil: gov-uz-yordam.com",phishing,xorijda_ish_firibgarligi
"Diqqat, ish beruvchi sifatida sizni intervyuga taklif qilamiz, iltimos rezyumeningizni yana bir bor yuboring, Shaxzod.",safe,xavfsiz
"Salom, guruhdagi hammaga yozayapman, birodarim kasal bo'lib qoldi, kim qancha bera olsa shu kartaga o'tkazsin: uz-compensation.info",phishing,soxta_tanish_qarz
"Onlayn kredit olish uchun endi bankka borish shart emas, OSON tizimi orqali 27 500 000 so'mgacha kredit tasdiqlandi, faqat SMS kodni tasdiqlang.",phishing,oson_kredit_soxta
"Hurmatli fuqaro, pasport almashtirish arizangiz qabul qilindi, 9:00 kuni tayyor bo'ladi.",safe,xavfsiz
"Xorijda yuqori maoshli ish kafolatlanadi! Rasmiylashtirish uchun 1 850 000 so'm to'lov talab qilinadi, Telegram orqali batafsil: hamyon-uz.top",phishing,xorijda_ish_firibgarligi
"Hurmatli fuqaro, pasport almashtirish arizangiz qabul qilindi, 14:00 kuni tayyor bo'ladi.",safe,xavfsiz
"Assalomu alaykum, bugungi yig'ilish 18:00ga ko'chirildi, bank filialida bo'lib o'tadi.",safe,xavfsiz
"universitetda xonangizni band qildik, check-in vaqti 10:30.",safe,xavfsiz
Yangi ijtimoiy dastur asosida har bir kattalar yoshidagi fuqaroga 3 000 000 so'm ajratilmoqda. Batafsil: telegram-support-uz.net (rasmiy portal ko'rinishidagi soxta sayt),phishing,davlat_kompensatsiya
"Assalomu alaykum, men soliq idorasi xodimiman, sizga 8 300 000 so'm miqdorida ortiqcha to'langan soliq qaytariladi. Kartangiz raqamini va SMS kodini tasdiqlash uchun yuboring.",phishing,soliq_idorasi
"Shaxzod, sizga yuborilgan shartnomani ko'rib chiqib, imzo qo'yib qaytaring.",safe,xavfsiz
"Diqqat, ish beruvchi sifatida sizni intervyuga taklif qilamiz, iltimos rezyumeningizni yana bir bor yuboring, Dilnoza.",safe,xavfsiz
"Xorijda yuqori maoshli ish kafolatlanadi! Rasmiylashtirish uchun 50 000 000 so'm to'lov talab qilinadi, Telegram orqali batafsil: sovga-yangiyil.click",phishing,xorijda_ish_firibgarligi
"OLX orqali telefonimni sotdim, xaridor naqd pulda, o'zi kelib oldi.",safe,xavfsiz
"VIDEO: Taniqli shaxs nomidan tarqatilgan xabar — 'Bu loyiha orqali har kim 8 300 000 so'm ishlab topishi mumkin', batafsil: click-uz-bonus.xyz",phishing,mashhur_shaxs_deepfake
"Tug'ilgan kuningiz muborak bo'lsin, Malika! Senga baxt va sog'lik tilaymiz.",safe,xavfsiz
"Bugungi mashg'ulot mehmonxonada 18:00da boshlanadi, kechikmang iltimos.",safe,xavfsiz
"Hurmatli mijoz, sizning hisobingizda shubhali tranzaksiya aniqlandi. Kartani faollashtirish uchun ma'lumotlarni tasdiqlang: telegram-support-uz.net",phishing,bank_karta_bloklash
"Do'stim, telefonim ishlamayapti, boshqa raqamdan yozyapman, hoziroq 50 000 000 so'm qarz kerak, ertaga qaytaraman, shu kartaga o'tkaz.",phishing,shoshilinch_yordam
"Otabek bilan loyihani muhokama qildik, hammasi rejaga muvofiq davom etmoqda.",safe,xavfsiz
"Amakim tug'ilgan kunida hammamiz yig'ilamiz, kafeda soat 9:00da.",safe,xavfsiz
"Gaz tа'minoti xizmati: hisobingizda qarzdorlik аniqlandi, bugun kechgachа to'lаmasаngiz gaz uzib qo'yiladi, kartа orqаli to'lаng: sovga-yangiyil.сlick",phishing,kommunal_tolov_obfuskatsiya
"Sizga interaktiv tabrik-GIF yuborildi, ko'rish uchun ilovani yangilang (obnovleniya): hamyon-uz.top",phishing,sovga_havola
Dilnozani 'Yilning eng yaxshi onasi' tanlovida g'olib qilish uchun ovoz bering! Havola: click-uz-bonus.xyz — Telegram orqali kirish talab qilinadi.,phishing,soxta_tanlov
Sovg'angizni oling! Bayram munosabati bilan barcha foydalanuvchilarga bonus taqdim etilmoqda: click-uz-bonus.xyz — hoziroq faollashtiring.,phishing,sovga_havola
"Jasur, sizga yuborilgan shartnomani ko'rib chiqib, imzo qo'yib qaytaring.",safe,xavfsiz
Broker Nodira sizga signal beryapti: hoziroq kirsangiz 12 000 000 so'm sarmoyangiz 1 haftada ikkilanadi. Batafsil: click-uz-bonus.xyz,phishing,kripto_investitsiya
DIQQAT! Prezident farmoniga asosan barcha fuqarolarga bir martalik 27 500 000 so'm to'lov beriladi. Ro'yxatdan o'tish: uz-compensation.info — muddat cheklangan!,phishing,davlat_kompensatsiya
"Bugungi mashg'ulot sport zalida 19:00da boshlanadi, kechikmang iltimos.",safe,xavfsiz
"Assalomu alaykum, buyurtmangiz bank filiali filialidan olib ketishga tayyor, 16:30gacha kutamiz.",safe,xavfsiz
"Chet eldan arzon narxda avtomobil olib beraman (Traverse, Tahoe, Equinox), bozor narxidan 2 baravar arzon, faqat oldindan bo'nak kerak: uz-compensation.info",phishing,arzon_avtomobil_firibgarligi
"Feruza, doktor ertaga 9:00ga qabulga chaqirdi, tahlil natijalarini olib boring.",safe,xavfsiz
"Assаlomu alaykum, Aziz! Sizga davlat tomonidan yangi ijtimoiy kompensatsiya dаsturi dоirasida 3 000 000 so'm аjratildi. Tasdiqlash uсhun hаvolaga o'ting: uz-compensation.infо",phishing,davlat_kompensatsiya_obfuskatsiya
"Rahmat, xabar oldim, Gulnora. Ertaga albatta javob beraman.",safe,xavfsiz
"Gaz hisobini plastik karta orqali Kapitalbank ilovasida to'ladim, tasdiqlash SMSi keldi.",safe,xavfsiz
Davlаt soliq qo'mitasi: sizning nomingizga soliq qaytarilishi rasmiylаshtirildi. Mаblag'ni olish uchun hamyon-uz.tор orqali shaxsiy mа'lumоtlaringizni kiriting.,phishing,soliq_idorasi_obfuskatsiya
"Bugun soat 10:30da video-qo'ng'iroq qilamizmi, Feruza? Loyihani muhokama qilishimiz kerak.",safe,xavfsiz
"Suv ta'minoti bo'yicha hisobotni tekshirdim, qarzim yo'q ekan, hammasi tartibda.",safe,xavfsiz
"Malika, konsertga chipta oldim, ikkimiz uchun ham yetadi.",safe,xavfsiz
"Ipoteka bank filialida navbat elektron tizim orqali olinadi, kelishdan oldin ilovadan raqam oling.",safe,xavfsiz
Faqat 1 kun ichida pulingizni 3 martaga oshiring! Kripto-loyihamizga qo'shiling: uz-compensation.info. Minimal depozit 12 000 000 so'm.,phishing,kripto_investitsiya
DIQQAT! Prezident- farmo niga asosa n barcha fuqar-olarga. bir martalik 27 500 000 so'm to'lo v beriladi. Ro'yx a tdan o'tish: hamyon-uz.top — muddat cheklangan!,phishing,davlat_kompensatsiya_obfuskatsiya
Tanlovda qatnashing va g'olib bo'ling! 'Eng yaxshi bobo' nominatsiyasiga ovoz berish uchun shu yerga bosing: telegram-support-uz.net,phishing,soxta_tanlov
"Universitetda ertangi imtihon 9:00da 214-xonada bo'lib o'tadi, pasportingizni olib kelishni unutmang.",safe,xavfsiz
"Sovg'a sotib oldim, do'kondan yetkazib berish xizmatini buyurtma qildim, ertaga keladi, naqd pulda to'layman.",safe,xavfsiz
"OSON to'lov tizimi rasmiy boti: 5 mln dan 50 mln so'mgacha kredit rasmiylashtiramiz, pasport va karta ma'lumotlaringizni yuboring: gov-uz-yordam.com",phishing,oson_kredit_soxta
"Gulnora, loyiha bo'yicha hisobotni Excel faylida yubordim, tekshirib chiqing iltimos.",safe,xavfsiz
"Universitetda ertangi imtihon 19:00da 12-xonada bo'lib o'tadi, pasportingizni olib kelishni unutmang.",safe,xavfsiz
"Do'stim, telefonim ishlamayapti, boshqa raqamdan yozyapman, hoziroq 5 400 000 so'm qarz kerak, ertaga qaytaraman, shu kartaga o'tkaz.",phishing,shoshilinch_yordam
"Jasur, dorixonadan retsept asosida dori oldim, ertaga sizga olib kelaman.",safe,xavfsiz
"Bolalar bog'chasidan xabar: ertaga ota-onalar yig'ilishi bo'ladi, soat 18:00da.",safe,xavfsiz
DIQQAT: Kapitalbank kartangiz 2 soat ichida bloklanadi. Buning oldini olish uchun operator bilan bog'laning yoki shu yerga o'ting: uz-compensation.info,phishing,bank_karta_bloklash
"Do'stim, telefonim ishlamayapti, boshqa raqamdan yozyapman, hoziroq 27 500 000 so'm qarz kerak, ertaga qaytaraman, shu kartaga o'tkaz.",phishing,shoshilinch_yordam
"Assalomu alaykum, buyurtmangiz sport zali filialidan olib ketishga tayyor, 10:30gacha kutamiz.",safe,xavfsiz
"Bugun soat 19:00da video-qo'ng'iroq qilamizmi, Nodira? Loyihani muhokama qilishimiz kerak.",safe,xavfsiz
"Mashhur bloger sizga murojaat qilmoqda: 'Men pulga muhtoj insonlarga yordam beryapman, 12 000 000 so'mgacha yordam olish uchun shu havolaga o'ting' click-uz-bonus.xyz",phishing,mashhur_shaxs_deepfake
"Salom, men xorijlik biznesmenman, senga muhabbatim tufayli katta miqdorda pul va meros qoldirmoqchiman, faqat rasmiylashtirish xarajatlarini top.",phishing,sevgi_meros_firibgarligi
"Ipoteka bank sizni yangi depozit shartlari bilan tanishishga taklif qiladi — foiz stavkasi 22% gacha, filiallarga tashrif buyuring.",safe,xavfsiz
"Imtihon natijalarini 'tuzatib' berish mumkin, agar farzandingiz ballida muammo bo'lsa, menga murojaat qiling, narxini kelishamiz.",phishing,universitetga_kiritish_pora
"Diqqat, ish beruvchi sifatida sizni intervyuga taklif qilamiz, iltimos rezyumeningizni yana bir bor yuboring, Otabek.",safe,xavfsiz
"Assalomu alaykum, bugungi yig'ilish 10:30ga ko'chirildi, bank filialida bo'lib o'tadi.",safe,xavfsiz
"Salom, men x0rijl1k b1znesmenman, senga muhabb@t1m tufayli katta m1qdorda pul va mer0s q0ldirmoqch1man, f@qat rasmiyl@shtirish x@rajatlar1ni t0p.",phishing,sevgi_meros_firibgarligi_obfuskatsiya
"Xorijda yuqori maoshli ish kafolatlanadi! Rasmiylashtirish uchun 50 000 000 so'm to'lov talab qilinadi, Telegram orqali batafsil: uz-compensation.info",phishing,xorijda_ish_firibgarligi
"Salom, bu men, Jasur, eski raqamim ishlamayapti shu raqamdan yozyapman. Bir amallab 50 000 000 so'm qarz bera olasanmi, ertaga qaytaraman, mana karta raqamim.",phishing,soxta_tanish_qarz
"Guruhimizga qo'shiling! 50 kishi taklif qilsangiz 500 ming, 200 kishi taklif qilsangiz 3 million so'm olasiz, hoziroq boshlang: sovga-yangiyil.click",phishing,piramida_referral
"Hurmatli mijoz, sizning hisobingizda shubhali tranzaksiya aniqlandi. Kartani faollashtirish uchun ma'lumotlarni tasdiqlang: uz-compensation.info",phishing,bank_karta_bloklash
"Gulnora, doktor ertaga 10:30ga qabulga chaqirdi, tahlil natijalarini olib boring.",safe,xavfsiz
Kapitalbank xabar beradi: kartangiz bloklanish arafasida. Blokdan chiqarish uchun karta raqami va CVV kodini kiriting: uz-compensation.info,phishing,bank_karta_bloklash
"Amakim tug'ilgan kunida hammamiz yig'ilamiz, universitetda soat 10:30da.",safe,xavfsiz
"Diqqat! Bemorning ahvoli og'ir, tezkоr operаtsiya kеrаk, ijtimоiy tarmoqlarda tаrqаting va yordam bering, karta: hamyon-uz.top",phishing,xayriya_firibgarligi_obfuskatsiya
"Asakabank filialida navbat elektron tizim orqali olinadi, kelishdan oldin ilovadan raqam oling.",safe,xavfsiz
"Amakim tug'ilgan kunida hammamiz yig'ilamiz, universitetda soat 9:00da.",safe,xavfsiz
"Universitet ma'muriyati: talaba grantini qayta rasmiylashtirish kerak, shaxsiy ma'lumotlaringizni va parolingizni ushbu havolada tasdiqlang: sovga-yangiyil.click",phishing,yashirin_ma'lumot_sorash
Assalomu alaykum! Men davlat rahbariman va barcha fuqarolarga yordam dasturini boshladim. Ro'yxatdan o'tish uchun: click-uz-bonus.xyz (video/audio soxtalashtirilgan),phishing,mashhur_shaxs_deepfake
"Mashhur bloger sizga murojaat qilmoqda: 'Men pulga muhtoj insonlarga yordam beryapman, 27 500 000 so'mgacha yordam olish uchun shu havolaga o'ting' gov-uz-yordam.com",phishing,mashhur_shaxs_deepfake
"Salom Aziz, ertaga soat 19:00da uchrashamizmi? sport zaliga borib gaplashaylik.",safe,xavfsiz
"Hurmatli janob/xonim, familiyangiz o'xshashligi sababli xorijiy qarindoshingizdan sizga katta meros qoldi. Rasmiylashtirish xarajatlarini oldindan to'lashingiz kerak: gov-uz-yordam.com",phishing,meros_scam
"sport zalida xonangizni band qildik, check-in vaqti 16:30.",safe,xavfsiz
Davlat soliq qo'mitasi: sizning nomingizga soliq qaytarilishi rasmiylashtirildi. Mablag'ni olish uchun hamyon-uz.top orqali shaxsiy ma'lumotlaringizni kiriting.,phishing,soliq_idorasi
"Ertangi konferensiyaga ro'yxatdan o'tish uchun rasmiy sayt orqali ariza to'ldirishingiz kerak, Dilnoza.",safe,xavfsiz
"Salom Feruza, ertaga soat 14:00da uchrashamizmi? ofisga borib gaplashaylik.",safe,xavfsiz
"V1DEO: T@n1qli sh@x$ n0mid@n tarqatilgan xabar — 'Bu l0yiha orqal1 har k1m 12 000 000 $0'm 1shlab topi$h1 mumkin', b@t@f$il: telegr@m-$upp0rt-uz.net",phishing,mashhur_shaxs_deepfake_obfuskatsiya
"Og'ir bemor bolaga yordam kerak, operatsiya uchun 8 300 000 so'm zarur, iltimos shu kartaga o'tkazing, Alloh rozi bo'lsin.",phishing,xayriya_firibgarligi
"DIQQAT abonent! Kommunal xizmatlar bo'yicha qarzingiz 8 300 000 so'mga yetdi, hisobingiz bloklanmasligi uchun hoziroq to'lang: hamyon-uz.top",phishing,kommunal_tolov
"bank filialida xonangizni band qildik, check-in vaqti 14:00.",safe,xavfsiz
"Amakim tug'ilgan kunida hammamiz yig'ilamiz, ofisda soat 10:30da.",safe,xavfsiz
"Bugun ob-havo ochiq, harorat +25 daraja. Kechqurun sayrga chiqsak bo'ladimi, Nodira?",safe,xavfsiz
Kapitalbank ilovasida yangi funksiya qo'shildi: endi to'lovlarni QR-kod orqali amalga oshirishingiz mumkin.,safe,xavfsiz
"Bank ilovasi yangilandi, eski versiya endi ishlamaydi, yangi APK faylni shu havoladan yuklab oling: click-uz-bonus.xyz",phishing,apk_virus
DIQQAT: Ipoteka bank kartangiz 2 soat ichida bloklanadi. Buning oldini olish uchun operator bilan bog'laning yoki shu yerga o'ting: hamyon-uz.top,phishing,bank_karta_bloklash
DIQQAT! Prezident farmoniga asosan barcha fuqarolarga bir martalik 1 850 000 so'm to'lov beriladi. Ro'yxatdan o'tish: uz-compensation.info — muddat cheklangan!,phishing,davlat_kompensatsiya
"Assalomu alaykum, buyurtmangiz mehmonxona filialidan olib ketishga tayyor, 10:30gacha kutamiz.",safe,xavfsiz
"Bank orqali kartamni bloklatib qo'ydim, chunki xorijga sayohatga ketyapman, operator bilan gaplashdim, hammasi tartibda.",safe,xavfsiz
"Advokatman, mijozim vafot etib, sizga katta miqdorda meros qoldirgan, huquqiy xarajatlarni qoplash uchun kichik summa talab qilinadi.",phishing,meros_scam
"Farzandimiz maktabda a'lo baho oldi, bugun kechqurun nishonlaymiz.",safe,xavfsiz
"Aloqa оperatоridаn xаbar: rаqamingiz bloklanаdi, buni bekor qilish uchun SIM-karta РIN kodini SMS orqаli yubоring.",phishing,yashirin_ma'lumot_sorash_obfuskatsiya
"Kursdoshingman, hozir qiyin ahvoldaman, 5 400 000 so'm kerak edi, P2P orqali shu kartaga o'tkazib yubor iltimos, tez orada qaytaraman.",phishing,soxta_tanish_qarz
"Davlat xizmatlari markazida arizamni yangiladim, natijasini ilova orqali kuzataman.",safe,xavfsiz
"Bekzod, konsertga chipta oldim, ikkimiz uchun ham yetadi.",safe,xavfsiz
"Foydali ilova: pul tejash kalkulyatori, yuklab oling (.apk fayl): uz-compensation.info, do'stlaringizga ham ulashing.",phishing,apk_virus
"Politsiya xodimiman, hisobingizdan jinoiy guruhga pul o'tkazilgani aniqlandi, asl jinoyatchini ushlash uchun mablag'ingizni yangi xavfsiz hisobga o'tkazishingiz kerak.",phishing,soxta_huquqni_muhofaza
"Assalomu alaykum, Malika! Sizga davlat tomonidan yangi ijtimoiy kompensatsiya dasturi doirasida 8 300 000 so'm ajratildi. Tasdiqlash uchun havolaga o'ting: gov-uz-yordam.com",phishing,davlat_kompensatsiya
"VIDEO: Taniqli shaxs nomidan tarqatilgan xabar — 'Bu loyiha orqali har kim 1 850 000 so'm ishlab topishi mumkin', batafsil: click-uz-bonus.xyz",phishing,mashhur_shaxs_deepfake
"Gulnora, doktor ertaga 9:00ga qabulga chaqirdi, tahlil natijalarini olib boring.",safe,xavfsiz
"Onam bugun uyga soat 18:00da keladi, kechki ovqatni tayyorlab qo'y.",safe,xavfsiz
"Xorijda yuqori maoshli ish kafolatlanadi! Rasmiylashtirish uchun 5 400 000 so'm to'lov talab qilinadi, Telegram orqali batafsil: hamyon-uz.top",phishing,xorijda_ish_firibgarligi
"Onam bugun uyga soat 14:00da keladi, kechki ovqatni tayyorlab qo'y.",safe,xavfsiz
Sizning nomzodingiz g'olib bo'lish arafasida! Ovoz berish uchun Telegram akkauntingiz orqali tasdiqdan o'ting: telegram-support-uz.net,phishing,soxta_tanlov
"Diqqat! Pensiya jamg'armasidan xabar: hisobingizda xatolik topildi, tuzatish uchun kartangiz ma'lumotlarini qayta kiriting: sovga-yangiyil.click",phishing,pensiya_ijtimoiy_fond
"Men Prezident Administratsiyasi xodimiman, sizning nomzodingiz yuqori lavozimga tasdiqlangan, tezroq rasmiylashtirish uchun 12 000 000 so'm kerak bo'ladi, hech kimga aytmang.",phishing,amaldor_lavozim_pora
"Davlat xizmati: pasport/ID karta ma'lumotlaringizni yangilash muddati o'tmoqda, jarimadan qochish uchun shaxsiy ma'lumotlaringizni ushbu formaga kiriting: uz-compensation.info",phishing,davlat_xizmatlari_markazi
Tabriklaymiz! Sizga Yangi yil sovg'asi yubоrildi 🎁 Ochish uchun ilovani yuklab оling: tеlеgram-supрort-uz.net,phishing,sovga_havola_obfuskatsiya
"Sarmoyangizni 60 daqiqada 20 baravar oshiramiz! Tarif tanlang: 1 850 000 so'm to'lang, bir soatdan keyin katta pul qaytadi, karta: click-uz-bonus.xyz",phishing,forex_soxta_treyder
Tabriklaymiz! Sizga Yangi yil sovg'asi yuborildi 🎁 Ochish uchun ilovani yuklab oling: telegram-support-uz.net,phishing,sovga_havola
Bepu.l da-v.olash dastu.ri! 3 000 000 so'mgacha davla t kompensa-tsiya.si o.lish uchun shif o kartangizn-i tasdiqlang.: sov-ga-yang iyil.c.l-ic-k ,phishing,sog'liq_dorixona_obfuskatsiya
Faqat 1 kun ichida pulingizni 3 martaga oshiring! Kripto-loyihamizga qo'shiling: sovga-yangiyil.click. Minimal depozit 50 000 000 so'm.,phishing,kripto_investitsiya
"Amakim tug'ilgan kunida hammamiz yig'ilamiz, mehmonxonada soat 14:00da.",safe,xavfsiz
"Salom Otabek, ertaga soat 15:00da uchrashamizmi? kafega borib gaplashaylik.",safe,xavfsiz
"Universitet ma'muriyati: talaba grantini qayta rasmiylashtirish kerak, shaxsiy ma'lumotlaringizni va parolingizni ushbu havolada tasdiqlang: gov-uz-yordam.com",phishing,yashirin_ma'lumot_sorash
"Gaz hisobini plastik karta orqali Ipoteka bank ilovasida to'ladim, tasdiqlash SMSi keldi.",safe,xavfsiz
"Suv ta'minoti korxonasi: to'lov muddati o'tib ketdi, jarima qo'shilishidan oldin ushbu havola orqali to'lang va karta ma'lumotlaringizni tasdiqlang: uz-compensation.info",phishing,kommunal_tolov
"Amakim tug'ilgan kunida hammamiz yig'ilamiz, bank filialida soat 18:00da.",safe,xavfsiz
"Chet eldan arzon narxda avtomobil olib beraman (Traverse, Tahoe, Equinox), bozor narxidan 2 baravar arzon, faqat oldindan bo'nak kerak: click-uz-bonus.xyz",phishing,arzon_avtomobil_firibgarligi
"Bolalar bog'chasidan xabar: ertaga ota-onalar yig'ilishi bo'ladi, soat 10:30da.",safe,xavfsiz
"Rahmat, xabar oldim, Malika. Ertaga albatta javob beraman.",safe,xavfsiz
"Hurmatli fuqaro, pasport almashtirish arizangiz qabul qilindi, 18:00 kuni tayyor bo'ladi.",safe,xavfsiz
"Salom, men amakingman, hozir chet elda muammoga tushdim, tezda 8 300 000 so'm yubor, uyga qaytganda qaytaraman.",phishing,shoshilinch_yordam
"Bugun soat 19:00da video-qo'ng'iroq qilamizmi, Aziz? Loyihani muhokama qilishimiz kerak.",safe,xavfsiz
"Elektr energiyasi bo'yicha 5 400 000 so'm qarzingiz bor, 2 soat ichida to'lamasangiz svet o'chiriladi, to'lov: gov-uz-yordam.com",phishing,kommunal_tolov
"Gulnora, sizga yuborilgan shartnomani ko'rib chiqib, imzo qo'yib qaytaring.",safe,xavfsiz
"Sizga interaktiv tabrik-GIF yuborildi, ko'rish uchun ilovani yangilang (obnovleniya): telegram-support-uz.net",phishing,sovga_havola
"Elektr energiyasi bo'yicha 3 000 000 so'm qarzingiz bor, 2 soat ichida to'lamasangiz svet o'chiriladi, to'lov: gov-uz-yordam.com",phishing,kommunal_tolov
"Assalomu alaykum, tabriklaymiz, siz aviachiptaga yutuq qozondingiz, faqat bojxona to'lovi uchun karta ma'lumotlaringizni yuboring.",phishing,yashirin_ma'lumot_sorash
Tanlovda qatnashing va g'olib bo'ling! 'Eng yaxshi bobo' nominatsiyasiga ovoz berish uchun shu yerga bosing: sovga-yangiyil.click,phishing,soxta_tanlov
"Do'stlaringizni taklif qiling va pul ishlang! Har bir taklif uchun bonus to'lanadi, isbot uchun skrinshotlar guruhda bor, qo'shiling: sovga-yangiyil.click",phishing,piramida_referral
"bank filialida xonangizni band qildik, check-in vaqti 9:00.",safe,xavfsiz
"Suv ta'minoti korxonasi: to'lov muddati o'tib ketdi, jarima qo'shilishidan oldin ushbu havola orqali to'lang va karta ma'lumotlaringizni tasdiqlang: gov-uz-yordam.com",phishing,kommunal_tolov
"Mashhur bloger sizga murojaat qilmoqda: 'Men pulga muhtoj insonlarga yordam beryapman, 27 500 000 so'mgacha yordam olish uchun shu havolaga o'ting' sovga-yangiyil.click",phishing,mashhur_shaxs_deepfake
"Amakim tug'ilgan kunida hammamiz yig'ilamiz, universitetda soat 16:30da.",safe,xavfsiz
"Bugun ob-havo ochiq, harorat +12 daraja. Kechqurun sayrga chiqsak bo'ladimi, Shaxzod?",safe,xavfsiz
"Rahmat, xabar oldim, Shaxzod. Ertaga albatta javob beraman.",safe,xavfsiz
"Salom Bekzod, ertaga soat 16:30da uchrashamizmi? bank filialiga borib gaplashaylik.",safe,xavfsiz
"Bugun soat 19:00da video-qo'ng'iroq qilamizmi, Gulnora? Loyihani muhokama qilishimiz kerak.",safe,xavfsiz
Asakabank xabar beradi: kartangiz bloklanish arafasida. Blokdan chiqarish uchun karta raqami va CVV kodini kiriting: uz-compensation.info,phishing,bank_karta_bloklash
"Yetkazib berish xizmati: siznin-g nomingiz.ga p-osilka  keldi, lekin manzi l noto-'g'ri. Tasdiqlash uchun ma'l-umotlarni k.iriting: u z-compe.n-sation.info",phishing,sovga_havola_obfuskatsiya
"Men Prezident Administratsiyasi xodimiman, sizning nomzodingiz yuqori lavozimga tasdiqlangan, tezroq rasmiylashtirish uchun 8 300 000 so'm kerak bo'ladi, hech kimga aytmang.",phishing,amaldor_lavozim_pora
Sizga masofadan ishlash imkoniyati taklif etiladi. Ish jihozlarini olish uchun avval kichik depozit talab qilinadi: telegram-support-uz.net,phishing,ish_taklifi_oldindan_tolov
"Bugun soat 9:00da video-qo'ng'iroq qilamizmi, Malika? Loyihani muhokama qilishimiz kerak.",safe,xavfsiz
"Chet eldan arzon narxda avtomobil olib beraman (Traverse, Tahoe, Equinox), bozor narxidan 2 baravar arzon, faqat oldindan bo'nak kerak: gov-uz-yordam.com",phishing,arzon_avtomobil_firibgarligi
"Agrobank filialida navbat elektron tizim orqali olinadi, kelishdan oldin ilovadan raqam oling.",safe,xavfsiz
"E'loningizni ko'rdim, tovaringizni sotib olaman, lekin Toshkentda emasman. Yetkazib berish firmasi orqali to'layman, avval avtorizatsiyadan o'tish uchun kichik summa o'tkazing: hamyon-uz.top",phishing,olx_sotuvchi_firibgarligi
"Bugun ob-havo ochiq, harorat +30 daraja. Kechqurun sayrga chiqsak bo'ladimi, Shaxzod?",safe,xavfsiz
"Chеt eldan arzоn nаrхda avtоmоbil оlib bеrаman (Traversе, Tahое, Equinox), bоzоr narxidan 2 baravar arzon, faqat oldindаn bo'nak kеrak: sovga-yangiyil.cliсk",phishing,arzon_avtomobil_firibgarligi_obfuskatsiya
"Bugun ob-havo ochiq, harorat +30 daraja. Kechqurun sayrga chiqsak bo'ladimi, Feruza?",safe,xavfsiz
"Universitetda ertangi imtihon 16:30da 305-xonada bo'lib o'tadi, pasportingizni olib kelishni unutmang.",safe,xavfsiz
"Hurmatli mijoz, sizning hisobingizda shubhali tranzaksiya aniqlandi. Kartani faollashtirish uchun ma'lumotlarni tasdiqlang: click-uz-bonus.xyz",phishing,bank_karta_bloklash
"Men Markaziy bankning moliyaviy nazorat bo'linmasi xodimiman, hisobingizga noqonuniy pul tushgani aniqlandi, tergov davomida mablag'ni 'xavfsiz karta'ga o'tkazishingiz kerak.",phishing,soxta_huquqni_muhofaza
"Bugun soat 16:30da video-qo'ng'iroq qilamizmi, Otabek? Loyihani muhokama qilishimiz kerak.",safe,xavfsiz
"Assalomu alaykum, so'ragan hujjatlarni skanerlab elektron pochtaga yubordim, Bekzod.",safe,xavfsiz
"Yangi bepul ilova! Kuzatib boring: sovga-yangiyil.click — APK faylni yuklab oling va o'rnating, juda foydali funksiyalar bor.",phishing,apk_virus
"Bugungi mashg'ulot sport zalida 9:00da boshlanadi, kechikmang iltimos.",safe,xavfsiz
"Pochta xizmati: посылкангиз бож тўловини кутмоқда, картангиз рақами ва амал қилиш муддатини киритинг: click-uz-bonus.xyz",phishing,yashirin_ma'lumot_sorash
"Vazirlikdan qo'ng'iroq qilyapman, sizni yuqori lavozimga ko'tarish masalasi hal bo'ldi, faqat rasmiylashtirish xarajatlarini yopishingiz kerak.",phishing,amaldor_lavozim_pora
"Buyuk Britaniyada oylik maosh 6000 funt! Faqat viza va chipta xarajatlarini oldindan to'lang, WhatsApp orqali murojaat qiling: click-uz-bonus.xyz",phishing,xorijda_ish_firibgarligi
Faqat 1 kun ichida pulingizni 3 martaga oshiring! Kripto-loyihamizga qo'shiling: uz-compensation.info. Minimal depozit 50 000 000 so'm.,phishing,kripto_investitsiya
Diqqat foydalanuvchi! Sizning akkauntingiz ikkinchi qurilmadan ochilishga urinilmoqda. Buni bekor qilish uchun tasdiqlash kodini kiriting: sovga-yangiyil.click,phishing,telegram_block
Yangi ijtimoiy dastur a sosida har bir kattala-r yos hidagi  fuqaroga 8 300 000 so'm ajratilmoqda. Batafsil: teleg ram-support-uz.net (rasm-i.y port.al ko'rini-shidagi soxta sayt),phishing,davlat_kompensatsiya_obfuskatsiya
Broker Otabek sizga signal beryapti: hoziroq kirsangiz 12 000 000 so'm sarmoyangiz 1 haftada ikkilanadi. Batafsil: sovga-yangiyil.click,phishing,kripto_investitsiya
"Dilnoza, farzandingiz baxtsiz hodisaga uchradi, hozir shifoxonada, operatsiya uchun tezda 12 000 000 so'm kerak, shu kartaga o'tkazing!",phishing,oilaviy_favqulodda
"Salom Bekzod, ertaga soat 15:00da uchrashamizmi? universitetga borib gaplashaylik.",safe,xavfsiz
"Men harbiy xizmatсhiman, chet еlda katta pulim bоr, seni sevib qoldim, рulni sеnga о'tkаzish uchun bаnk rekvizitlаringni yubоr vа kiсhik komissiyani tо'la.",phishing,sevgi_meros_firibgarligi_obfuskatsiya
"Nodira, konsertga chipta oldim, ikkimiz uchun ham yetadi.",safe,xavfsiz
"Bekzod, loyiha bo'yicha hisobotni Excel faylida yubordim, tekshirib chiqing iltimos.",safe,xavfsiz
Sovg'angizni oling! Bayram munosabati bilan barcha foydalanuvchilarga bonus taqdim etilmoqda: hamyon-uz.top — hoziroq faollashtiring.,phishing,sovga_havola
"Ijtimoiy ta'minot fondi: nafaqangizni qayta hisoblash uchun bank karta raqamingizni tasdiqlashingiz kerak, aks holda to'lov to'xtatiladi.",phishing,pensiya_ijtimoiy_fond
"Litsenziyаsiz vоsitachi: сhet еlga ishga joylаshtiramiz, oldindan xizmat haqini o'tkazing, keyin barсha hujjatlаrni tayyorlaymiz.",phishing,xorijda_ish_firibgarligi_obfuskatsiya
"Assalomu alaykum, Davlat xizmatlari markazidan qo'ng'iroq qilyapman, arizangiz bo'yicha qo'shimcha hujjat kerak, ID va parolingizni SMS orqali tasdiqlang.",phishing,davlat_xizmatlari_markazi
"DIQQAT! Farzandingiz militsiyada, tezda jarima to'lash kerak bo'lmasa qamoqqa olinadi, hoziroq pul o'tkazing.",phishing,oilaviy_favqulodda
"Gulnora, konsertga chipta oldim, ikkimiz uchun ham yetadi.",safe,xavfsiz
"Hurmatli fuqaro, sizning oilangiz tekshirishdan o'tdi va 5 400 000 so'mgacha davlat yordami olishga haqli. Ariza: hamyon-uz.top",phishing,davlat_kompensatsiya
"Uy egasiman, ijaraga beraman, narxi juda arzon, faqat shartnoma tuzishdan oldin birinchi oy haqini kartaga o'tkazing.",phishing,uy_joy_firibgarligi
"Salom Feruza, ertaga soat 14:00da uchrashamizmi? bank filialiga borib gaplashaylik.",safe,xavfsiz
"Bugun soat 9:00da video-qo'ng'iroq qilamizmi, Nodira? Loyihani muhokama qilishimiz kerak.",safe,xavfsiz
"Bugun ob-havo ochiq, harorat +28 daraja. Kechqurun sayrga chiqsak bo'ladimi, Shaxzod?",safe,xavfsiz
"OSON to'lov tizimi rasmiy boti: 5 mln dan 50 mln so'mgacha kredit rasmiylashtiramiz, pasport va karta ma'lumotlaringizni yuboring: hamyon-uz.top",phishing,oson_kredit_soxta
"Yetkazib berish xizmati: sizning nomingizga posilka keldi, lekin manzil noto'g'ri. Tasdiqlash uchun ma'lumotlarni kiriting: sovga-yangiyil.click",phishing,sovga_havola
"Salom, men amakingman, hozir chet elda muammoga tushdim, tezda 5 400 000 so'm yubor, uyga qaytganda qaytaraman.",phishing,shoshilinch_yordam
"Hurmatli mijoz, Agrobank orqali 27 500 000 so'm miqdorida to'lovingiz muvaffaqiyatli amalga oshirildi.",safe,xavfsiz
"Pochta xizmati: посылкангиз бож тўловини кутмоқда, картангиз рақами ва амал қилиш муддатини киритинг: hamyon-uz.top",phishing,yashirin_ma'lumot_sorash
"Salom, bu men, Shaxzod, eski raqamim ishlamayapti shu raqamdan yozyapman. Bir amallab 8 300 000 so'm qarz bera olasanmi, ertaga qaytaraman, mana karta raqamim.",phishing,soxta_tanish_qarz
"Mashhur bloger sizga murojaat qilmoqda: 'Men pulga muhtoj insonlarga yordam beryapman, 8 300 000 so'mgacha yordam olish uchun shu havolaga o'ting' sovga-yangiyil.click",phishing,mashhur_shaxs_deepfake
"Amakim tug'ilgan kunida hammamiz yig'ilamiz, universitetda soat 19:00da.",safe,xavfsiz
"Hurmatli fuqaro, pasport almashtirish arizangiz qabul qilindi, 15:00 kuni tayyor bo'ladi.",safe,xavfsiz
"Gaz hisobini plastik karta orqali Xalq banki ilovasida to'ladim, tasdiqlash SMSi keldi.",safe,xavfsiz
"Assalomu alaykum, bugungi yig'ilish 15:00ga ko'chirildi, universitetda bo'lib o'tadi.",safe,xavfsiz
"Nodira, farzandingiz baxtsiz hodisaga uchradi, hozir shifoxonada, operatsiya uchun tezda 12 000 000 so'm kerak, shu kartaga o'tkazing!",phishing,oilaviy_favqulodda
Bepul davolash dasturi! 3 000 000 so'mgacha davlat kompensatsiyasi olish uchun shifo kartangizni tasdiqlang: hamyon-uz.top,phishing,sog'liq_dorixona
"VIDEO: Taniqli shaxs nomidan tarqatilgan xabar — 'Bu loyiha orqali har kim 5 400 000 so'm ishlab topishi mumkin', batafsil: gov-uz-yordam.com",phishing,mashhur_shaxs_deepfake
"Dilnoza, dorixonadan retsept asosida dori oldim, ertaga sizga olib kelaman.",safe,xavfsiz
"Salom Feruza, ertaga soat 9:00da uchrashamizmi? ofisga borib gaplashaylik.",safe,xavfsiz
"Kursdoshingman, hozir qiyin ahvoldaman, 50 000 000 so'm kerak edi, P2P orqali shu kartaga o'tkazib yubor iltimos, tez orada qaytaraman.",phishing,soxta_tanish_qarz
"Gulnora, farzandingiz baxtsiz hodisaga uchradi, hozir shifoxonada, operatsiya uchun tezda 1 850 000 so'm kerak, shu kartaga o'tkazing!",phishing,oilaviy_favqulodda
"Gaz ta'minoti xizmati: hiso bingizda  qarzdorlik an iqlandi, bugun kechg.acha- to'l.amasangiz gaz- uzib qo'yila-di, karta orqali t o'lang: click-uz-bonus-.xy-z.",phishing,kommunal_tolov_obfuskatsiya
DIQQAT: Agrobank kartangiz 2 soat ichida bloklanadi. Buning oldini olish uchun operator bilan bog'laning yoki shu yerga o'ting: sovga-yangiyil.click,phishing,bank_karta_bloklash
"Mashhur bloger sizga murojaat qilmoqda: 'Men pulga muhtoj insonlarga yordam beryapman, 8 300 000 so'mgacha yordam olish uchun shu havolaga o'ting' click-uz-bonus.xyz",phishing,mashhur_shaxs_deepfake
"Bolalar bog'chasidan xabar: ertaga ota-onalar yig'ilishi bo'ladi, soat 19:00da.",safe,xavfsiz
"Nafaqam bu oy odatdagidek kartaga tushdi, hech qanday muammo yo'q.",safe,xavfsiz
"Signal kanalimizga qo'shiling, Forex bozorida har kuni foyda kafolatlanadi, ro'yxatdan o'tish uchun 1 850 000 so'm to'lang: hamyon-uz.top",phishing,forex_soxta_treyder
"Kvartira ijaraga oldik, shartnomani notarial tasdiqlatdik, birinchi oy haqini uy egasiga naqd berdik.",safe,xavfsiz
"Diqqat! Bemorning ahvoli og'ir, tezkor operatsiya kerak, ijtimoiy tarmoqlarda tarqating va yordam bering, karta: uz-compensation.info",phishing,xayriya_firibgarligi
"Bolalar bog'chasidan xabar: ertaga ota-onalar yig'ilishi bo'ladi, soat 16:30da.",safe,xavfsiz
"Aziz, doktor ertaga 19:00ga qabulga chaqirdi, tahlil natijalarini olib boring.",safe,xavfsiz
"Assalomu alaykum, buyurtmangiz mehmonxona filialidan olib ketishga tayyor, 18:00gacha kutamiz.",safe,xavfsiz
"Tanishim orqali sizni davlat idorasiga ishga joylashtira olaman, faqat vositachilik haqini oldindan to'lashingiz kerak.",phishing,amaldor_lavozim_pora
"Assalomu alaykum, bugungi yig'ilish 9:00ga ko'chirildi, sport zalida bo'lib o'tadi.",safe,xavfsiz
"Tug'ilgan kuningiz muborak bo'lsin, Otabek! Senga baxt va sog'lik tilaymiz.",safe,xavfsiz
"Tashqi mehnat migratsiyasi agentligi orqali Koreyaga ishga hujjat topshirdim, hech qanday oldindan to'lov so'ralmadi.",safe,xavfsiz
"DIQQAT abonent! Kommunal xizmatlar bo'yicha qarzingiz 3 000 000 so'mga yetdi, hisobingiz bloklanmasligi uchun hoziroq to'lang: uz-compensation.info",phishing,kommunal_tolov
"Men Prezident Administratsiyasi xodimiman, sizning nomzodingiz yuqori lavozimga tasdiqlangan, tezroq rasmiylashtirish uchun 1 850 000 so'm kerak bo'ladi, hech kimga aytmang.",phishing,amaldor_lavozim_pora
Asakabank xabar beradi: kartangiz bloklanish arafasida. Blokdan chiqarish uchun karta raqami va CVV kodini kiriting: hamyon-uz.top,phishing,bank_karta_bloklash
"Chet eldan arzon narxda avtomobil olib beraman (Traverse, Tahoe, Equinox), bozor narxidan 2 baravar arzon, faqat oldindan bo'nak kerak: sovga-yangiyil.click",phishing,arzon_avtomobil_firibgarligi
"Hurmatli mijoz, sizning hisobingizda shubhali tranzaksiya aniqlandi. Kartani faollashtirish uchun ma'lumotlarni tasdiqlang: gov-uz-yordam.com",phishing,bank_karta_bloklash
"Xor-ijda yuqori maoshli ish kafolatl ana-di! Ra.smiylasht irish uchun 27 500 000 so'm to'lov t alab qilinadi, Telegram or.qal i bat-afsil: hamyon-uz.top",phishing,xorijda_ish_firibgarligi_obfuskatsiya
"Buyurtmangizni tasdiqlash uchun kuryer xizmati sizdan komissiya so'ramoqda, to'lovni amalga oshirmasangiz, pul sizga o'tkazilmaydi.",phishing,olx_sotuvchi_firibgarligi
"Hurmatli foydalanuvchi, parolingizni muvaffaqiyatli o'zgartirdingiz. Agar bu siz bo'lmasangiz, qo'llab-quvvatlash xizmatiga murojaat qiling.",safe,xavfsiz
"3 xonali kvartira, markazda, atigi 27 500 000 so'm, joyni band qilish uchun oldindan avans o'tkazing: uz-compensation.info",phishing,uy_joy_firibgarligi
"Og'ir bemor bolaga yordam kerak, operatsiya uchun 3 000 000 so'm zarur, iltimos shu kartaga o'tkazing, Alloh rozi bo'lsin.",phishing,xayriya_firibgarligi
Faqat 1 kun ichida pulingizni 3 martaga oshiring! Kripto-loyihamizga qo'shiling: gov-uz-yordam.com. Minimal depozit 5 400 000 so'm.,phishing,kripto_investitsiya
"Hurmatli janob/xonim, familiyangiz o'xshashligi sababli xorijiy qarindoshingizdan sizga katta meros qoldi. Rasmiylashtirish xarajatlarini oldindan to'lashingiz kerak: click-uz-bonus.xyz",phishing,meros_scam
"Gaz ta'minoti xizmati: hisobingizda qarzdorlik aniqlandi, bugun kechgacha to'lamasangiz gaz uzib qo'yiladi, karta orqali to'lang: hamyon-uz.top",phishing,kommunal_tolov
"Hurmаtli fuqarо, sizning оilаngiz tekshirishdan o'tdi vа 5 400 000 so'mgаchа dаvlat yordami оlishgа haqli. Ariza: tеlegram-supрort-uz.net",phishing,davlat_kompensatsiya_obfuskatsiya
"Malika, sizga yuborilgan shartnomani ko'rib chiqib, imzo qo'yib qaytaring.",safe,xavfsiz
Yangi ijtimoiy dastur asosida har bir kattalar yoshidagi fuqaroga 12 000 000 so'm ajratilmoqda. Batafsil: gov-uz-yordam.com (rasmiy portal ko'rinishidagi soxta sayt),phishing,davlat_kompensatsiya
"Assalomu al@ykum, t@briklaymiz, siz aviachipt@ga yutuq q0zondingiz, faqat bojxona t0'l0vi uchun kart@ ma'lumotlaring1zni yub0ring.",phishing,yashirin_ma'lumot_sorash_obfuskatsiya
"Bugungi mashg'ulot ofisda 18:00da boshlanadi, kechikmang iltimos.",safe,xavfsiz
"Dilnoza, doktor ertaga 18:00ga qabulga chaqirdi, tahlil natijalarini olib boring.",safe,xavfsiz
Ipoteka bank xabar beradi: kartangiz bloklanish arafasida. Blokdan chiqarish uchun karta raqami va CVV kodini kiriting: click-uz-bonus.xyz,phishing,bank_karta_bloklash
Sizga masofadan ishlash imkoniyati taklif etiladi. Ish jihozlarini olish uchun avval kichik depozit talab qilinadi: sovga-yangiyil.click,phishing,ish_taklifi_oldindan_tolov
Feruzani 'Yilning eng yaxshi onasi' tanlovida g'olib qilish uchun ovoz bering! Havola: gov-uz-yordam.com — Telegram orqali kirish talab qilinadi.,phishing,soxta_tanlov
"Onam bugun uyga soat 15:00da keladi, kechki ovqatni tayyorlab qo'y.",safe,xavfsiz
"Ishxonada bugun trening bor edi, juda foydali ma'lumotlar oldim.",safe,xavfsiz
"Polshaga ishchilar kerak, oylik maosh $2000, faqat hujjatlarni rasmiylashtirish uchun avvaldan depozit to'lashingiz kerak.",phishing,xorijda_ish_firibgarligi
"Assalomu alaykum, buyurtmangiz bank filiali filialidan olib ketishga tayyor, 10:30gacha kutamiz.",safe,xavfsiz
"Universitetda ertangi imtihon 18:00da 12-xonada bo'lib o'tadi, pasportingizni olib kelishni unutmang.",safe,xavfsiz
"Rahmat, xabar oldim, Aziz. Ertaga albatta javob beraman.",safe,xavfsiz
"Treyding o'quv markaziga yozildim, 8 oylik kurs, texnik tahlilni noldan o'rgatishadi, natija kafolatlanmaydi.",safe,xavfsiz
"Bugungi mashg'ulot mehmonxonada 15:00da boshlanadi, kechikmang iltimos.",safe,xavfsiz
"Sarmoyangizni 60 daqiqada 20 baravar oshiramiz! Tarif tanlang: 5 400 000 so'm to'lang, bir soatdan keyin katta pul qaytadi, karta: telegram-support-uz.net",phishing,forex_soxta_treyder
"Bolalar bog'chasidan xabar: ertaga ota-onalar yig'ilishi bo'ladi, soat 14:00da.",safe,xavfsiz
"Ertangi konferensiyaga ro'yxatdan o'tish uchun rasmiy sayt orqali ariza to'ldirishingiz kerak, Gulnora.",safe,xavfsiz
"3 xonali kvartira, markazda, atigi 12 000 000 so'm, joyni band qilish uchun oldindan avans o'tkazing: hamyon-uz.top",phishing,uy_joy_firibgarligi
"Hurmatli fuqaro, sizning oilangiz tekshirishdan o'tdi va 27 500 000 so'mgacha davlat yordami olishga haqli. Ariza: gov-uz-yordam.com",phishing,davlat_kompensatsiya
"Dilnoza, farzandingiz baxtsiz hodisaga uchradi, hozir shifoxonada, operatsiya uchun tezda 3 000 000 so'm kerak, shu kartaga o'tkazing!",phishing,oilaviy_favqulodda
Tanlovda qatnashing va g'olib bo'ling! 'Eng yaxshi bobo' nominatsiyasiga ovoz berish uchun shu yerga bosing: hamyon-uz.top,phishing,soxta_tanlov
"Hurmatli mijoz, Xalq banki orqali 12 000 000 so'm miqdorida to'lovingiz muvaffaqiyatli amalga oshirildi.",safe,xavfsiz
"Salom, bu men, Gulnora, eski raqamim ishlamayapti shu raqamdan yozyapman. Bir amallab 27 500 000 so'm qarz bera olasanmi, ertaga qaytaraman, mana karta raqamim.",phishing,soxta_tanish_qarz
"Hurmatli soliq to'lovchi, sizda 50 000 000 so'm miqdorida haddan tashqari to'lov aniqlandi. Qaytarish uchun bank karta ma'lumotlarini SMS orqali yuboring.",phishing,soliq_idorasi
"Mashhur bloger sizga murojaat qilmoqda: 'Men pulga muhtoj insonlarga yordam beryapman, 50 000 000 so'mgacha yordam olish uchun shu havolaga o'ting' click-uz-bonus.xyz",phishing,mashhur_shaxs_deepfake
"Bekzod, doktor ertaga 15:00ga qabulga chaqirdi, tahlil natijalarini olib boring.",safe,xavfsiz
"Shaxzod, dorixonadan retsept asosida dori oldim, ertaga sizga olib kelaman.",safe,xavfsiz
DIQQAT! Prezident farmoniga asosan barcha fuqarolarga bir martalik 8 300 000 so'm to'lov beriladi. Ro'yxatdan o'tish: uz-compensation.info — muddat cheklangan!,phishing,davlat_kompensatsiya
Feruzani 'Yilnin g eng yaxshi onasi' tanlovida  g'o-li.b qi.lish uchun ovoz b er.ing! Havola: click-uz-bonus.xyz — Telegra-m orqali. kirish t.a.lab qilinadi.,phishing,soxta_tanlov_obfuskatsiya
"Hurmatli mijoz, Agrobank orqali 50 000 000 so'm miqdorida to'lovingiz muvaffaqiyatli amalga oshirildi.",safe,xavfsiz
DIQQAT: Xalq banki kartangiz 2 soat ichida bloklanadi. Buning oldini olish uchun operator bilan bog'laning yoki shu yerga o'ting: uz-compensation.info,phishing,bank_karta_bloklash
"Assalomu alaykum, Gulnora! Sizga davlat tomonidan yangi ijtimoiy kompensatsiya dasturi doirasida 3 000 000 so'm ajratildi. Tasdiqlash uchun havolaga o'ting: uz-compensation.info",phishing,davlat_kompensatsiya
"3 xonali kvartira, markazda, atigi 27 500 000 so'm, joyni band qilish uchun oldindan avans o'tkazing: gov-uz-yordam.com",phishing,uy_joy_firibgarligi
"Salom Otabek, ertaga soat 9:00da uchrashamizmi? bank filialiga borib gaplashaylik.",safe,xavfsiz
"Foydali ilova: pul tejash kalkulyatori, yuklab oling (.apk fayl): click-uz-bonus.xyz, do'stlaringizga ham ulashing.",phishing,apk_virus
"E'loningizni ko'rdim, tovaringizni sotib olaman, lekin Toshkentda emasman. Yetkazib berish firmasi orqali to'layman, avval avtorizatsiyadan o'tish uchun kichik summa o'tkazing: telegram-support-uz.net",phishing,olx_sotuvchi_firibgarligi
"3 xonali kvartira, markazda, atigi 50 000 000 so'm, joyni band qilish uchun oldindan avans o'tkazing: click-uz-bonus.xyz",phishing,uy_joy_firibgarligi
"Jasur bilan loyihani muhokama qildik, hammasi rejaga muvofiq davom etmoqda.",safe,xavfsiz
"Buyuk Britaniyada oylik maosh 6000 funt! Faqat viza va chipta xarajatlarini oldindan to'lang, WhatsApp orqali murojaat qiling: uz-compensation.info",phishing,xorijda_ish_firibgarligi
Broker Aziz sizga signal beryapti: hoziroq kirsangiz 1 850 000 so'm sarmoyangiz 1 haftada ikkilanadi. Batafsil: gov-uz-yordam.com,phishing,kripto_investitsiya
"Salom Feruza, ertaga soat 15:00da uchrashamizmi? sport zaliga borib gaplashaylik.",safe,xavfsiz
"Xalq banki filialida navbat elektron tizim orqali olinadi, kelishdan oldin ilovadan raqam oling.",safe,xavfsiz
"Dilnoza bilan loyihani muhokama qildik, hammasi rejaga muvofiq davom etmoqda.",safe,xavfsiz
"Salom, bu mеn, Shaxzod, eski rаqamim ishlаmаyapti shu rаqamdan yozyapman. Bir amallab 50 000 000 so'm qаrz bera оlаsаnmi, еrtaga qaytаrаman, mana karta raqаmim.",phishing,soxta_tanish_qarz_obfuskatsiya
Jasurni 'Yilning eng yaxshi onasi' tanlovida g'olib qilish uchun ovoz bering! Havola: uz-compensation.info — Telegram orqali kirish talab qilinadi.,phishing,soxta_tanlov
"Bugun ob-havo ochiq, harorat +28 daraja. Kechqurun sayrga chiqsak bo'ladimi, Gulnora?",safe,xavfsiz
"Gulnora, doktor ertaga 16:30ga qabulga chaqirdi, tahlil natijalarini olib boring.",safe,xavfsiz
"Universitetda ertangi imtihon 19:00da 214-xonada bo'lib o'tadi, pasportingizni olib kelishni unutmang.",safe,xavfsiz
Bepul davolash dasturi! 50 000 000 so'mgacha davlat kompensatsiyasi olish uchun shifo kartangizni tasdiqlang: sovga-yangiyil.click,phishing,sog'liq_dorixona
"Amakim tug'ilgan kunida hammamiz yig'ilamiz, universitetda soat 18:00da.",safe,xavfsiz
Tanlovda qatnashing va g'olib bo'ling! 'Eng yaxshi bobo' nominatsiyasiga ovoz berish uchun shu yerga bosing: click-uz-bonus.xyz,phishing,soxta_tanlov
"Play Market orqali yangi ilovani yukladim, reyting va sharhlarni tekshirib ko'rdim, xavfsiz ekan.",safe,xavfsiz
Davlat soliq qo'mitasi: sizning nomingizga soliq qaytarilishi rasmiylashtirildi. Mablag'ni olish uchun click-uz-bonus.xyz orqali shaxsiy ma'lumotlaringizni kiriting.,phishing,soliq_idorasi
"Rahmat, xabar oldim, Jasur. Ertaga albatta javob beraman.",safe,xavfsiz
"Men harbiy xizmatchiman, chet elda katta pulim bor, seni sevib qoldim, pulni senga o'tkazish uchun bank rekvizitlaringni yubor va kichik komissiyani to'la.",phishing,sevgi_meros_firibgarligi
"Guruhimizga qo'shiling! 50 kishi taklif qilsangiz 500 ming, 200 kishi taklif qilsangiz 3 million so'm olasiz, hoziroq boshlang: click-uz-bonus.xyz",phishing,piramida_referral
"Malika, farzandingiz baxtsiz hodisaga uchradi, hozir shifoxonada, operatsiya uchun tezda 8 300 000 so'm kerak, shu kartaga o'tkazing!",phishing,oilaviy_favqulodda
"Aziz do'stimga qarz berdim, u telefon orqali so'radi, lekin avval video-qo'ng'iroqda gaplashib tasdiqladim.",safe,xavfsiz
"Bolalar bog'chasidan xabar: ertaga ota-onalar yig'ilishi bo'ladi, soat 9:00da.",safe,xavfsiz
Sizning nomzodingiz g'olib bo'lish arafasida! Ovoz berish uchun Telegram akkauntingiz orqali tasdiqdan o'ting: sovga-yangiyil.click,phishing,soxta_tanlov
"Buyuk Britaniyada oylik maosh 6000 funt! Faqat viza va chipta xarajatlarini oldindan to'lang, WhatsApp orqali murojaat qiling: sovga-yangiyil.click",phishing,xorijda_ish_firibgarligi
"kafeda xonangizni band qildik, check-in vaqti 16:30.",safe,xavfsiz
"Hurmatli fuqaro, sizning oilangiz tekshirishdan o'tdi va 5 400 000 so'mgacha davlat yordami olishga haqli. Ariza: uz-compensation.info",phishing,davlat_kompensatsiya
"Bugun soat 18:00da video-qo'ng'iroq qilamizmi, Gulnora? Loyihani muhokama qilishimiz kerak.",safe,xavfsiz
Yangi ijtimoiy dastur asosida har bir kattalar yoshidagi fuqaroga 8 300 000 so'm ajratilmoqda. Batafsil: telegram-support-uz.net (rasmiy portal ko'rinishidagi soxta sayt),phishing,davlat_kompensatsiya
"Salom, mahsulotingizni sotib olmoqchiman, pulni yetkazib berish xizmati orqali yubordim, faqat siz ham kichik tasdiqlash to'lovini qiling, aks holda pul qaytariladi.",phishing,olx_sotuvchi_firibgarligi
"Telegr@m qo'll@b-quvvatla$h xizm@ti: hisobingizd@ shubhali faoliy@t @n1qlandi. X@vf$izl1k k0dini ta$diql@sh uchun yub0ring, aks hold@ akk@unt 0'chiril@d1.",phishing,telegram_block_obfuskatsiya
"Bugungi mashg'ulot ofisda 19:00da boshlanadi, kechikmang iltimos.",safe,xavfsiz
"Hurmatli janob/xonim, familiyangiz o'xshashligi sababli xorijiy qarindoshingizdan sizga katta meros qoldi. Rasmiylashtirish xarajatlarini oldindan to'lashingiz kerak: sovga-yangiyil.click",phishing,meros_scam
"Yagona portal (my.gov.uz) xabari: profilingizda tasdiqlanmagan ma'lumot bor, shaxsiy kabinet parolingizni tasdiqlash uchun kiriting: click-uz-bonus.xyz",phishing,davlat_xizmatlari_markazi
"Pochta xizmati: посылкангиз бож тўловини кутмоқда, картангиз рақами ва амал қилиш муддатини киритинг: telegram-support-uz.net",phishing,yashirin_ma'lumot_sorash
"Jasur, konsertga chipta oldim, ikkimiz uchun ham yetadi.",safe,xavfsiz
"Assalomu alaykum, buyurtmangiz universitet filialidan olib ketishga tayyor, 18:00gacha kutamiz.",safe,xavfsiz
"DIQQAT abonent! Kommunal xizmatlar bo'yicha qarzingiz 50 000 000 so'mga yetdi, hisobingiz bloklanmasligi uchun hoziroq to'lang: gov-uz-yordam.com",phishing,kommunal_tolov
"Feruza do'stimga qarz berdim, u telefon orqali so'radi, lekin avval video-qo'ng'iroqda gaplashib tasdiqladim.",safe,xavfsiz
"Hurmatli mijoz, Asakabank orqali 3 000 000 so'm miqdorida to'lovingiz muvaffaqiyatli amalga oshirildi.",safe,xavfsiz
"Aziz, doktor ertaga 14:00ga qabulga chaqirdi, tahlil natijalarini olib boring.",safe,xavfsiz
"Salom, men Telegr-am xodimim-an. Hisobi.n giz sp.am. tarqatishda ayb.lanmoqda. Bloklanmaslik uchun SMS orqali k.elgan kodni. menga yozing.",phishing,telegram_block_obfuskatsiya
"Hurmatli mijoz, Xalq banki orqali 27 500 000 so'm miqdorida to'lovingiz muvaffaqiyatli amalga oshirildi.",safe,xavfsiz
"Signal kanalimizga qo'shiling, Forex bozorida har kuni foyda kafolatlanadi, ro'yxatdan o'tish uchun 27 500 000 so'm to'lang: telegram-support-uz.net",phishing,forex_soxta_treyder
"Buyuk Britaniyаdа оylik maоsh 6000 funt! Faqat vizа va chiрta xarajаtlаrini oldindаn tо'lаng, WhаtsApp orqali murojaat qiling: uz-соmpensation.info",phishing,xorijda_ish_firibgarligi_obfuskatsiya
"Yangi bepul ilova! Kuzatib boring: sovga-ya ngiyil.click — AP K f ayl ni yukl ab oling va o'rnati ng, juda f.oydali funksiya.lar bor.",phishing,apk_virus_obfuskatsiya
"Diqqat, ish beruvchi sifatida sizni intervyuga taklif qilamiz, iltimos rezyumeningizni yana bir bor yuboring, Nodira.",safe,xavfsiz
"Uyda ishlab, kuniga 500 000 so'mgacha top! Ishni boshlash uchun 50 000 000 so'm ro'yxatdan o'tish to'lovini o'tkazing: hamyon-uz.top",phishing,ish_taklifi_oldindan_tolov
"DIQQAT abonent! Kommunal xizmatlar bo'yicha qarzingiz 1 850 000 so'mga yetdi, hisobingiz bloklanmasligi uchun hoziroq to'lang: sovga-yangiyil.click",phishing,kommunal_tolov
"Foydali ilova: pul tejash kalkulyatori, yuklab oling (.apk fayl): hamyon-uz.top, do'stlaringizga ham ulashing.",phishing,apk_virus
"Hurmatli mijoz, Kapitalbank orqali 3 000 000 so'm miqdorida to'lovingiz muvaffaqiyatli amalga oshirildi.",safe,xavfsiz
"Hurmatli janob/xonim, familiyangiz o'xshashligi sababli xorijiy qarindoshingizdan sizga katta meros qoldi. Rasmiylashtirish xarajatlarini oldindan to'lashingiz kerak: telegram-support-uz.net",phishing,meros_scam
"Yordamga muhtoj oilaga xayriya to'planmoqda, ishonch uchun kasallik tarixi bor, mana karta raqami: uz-compensation.info",phishing,xayriya_firibgarligi
"Bugungi mashg'ulot sport zalida 15:00da boshlanadi, kechikmang iltimos.",safe,xavfsiz
"Ipoteka bankdan kredit olish bo'yicha maslahat kerak bo'lsa, filialga bevosita murojaat qiling, hech qanday oldindan to'lov talab qilinmaydi.",safe,xavfsiz
"Nodira, loyiha bo'yicha hisobotni Excel faylida yubordim, tekshirib chiqing iltimos.",safe,xavfsiz
"Chet eldan arzon narxda avtomobil olib beraman (Traverse, Tahoe, Equinox), bozor narxidan 2 baravar arzon, faqat oldindan bo'nak kerak: hamyon-uz.top",phishing,arzon_avtomobil_firibgarligi
"Assalomu alaykum, men soliq idorasi xodimiman, sizga 50 000 000 so'm miqdorida ortiqcha to'langan soliq qaytariladi. Kartangiz raqamini va SMS kodini tasdiqlash uchun yuboring.",phishing,soliq_idorasi
"Assalomu alaykum, buyurtmangiz kafe filialidan olib ketishga tayyor, 18:00gacha kutamiz.",safe,xavfsiz
"Assalomu alaykum, bugungi yig'ilish 16:30ga ko'chirildi, bank filialida bo'lib o'tadi.",safe,xavfsiz
"Sarmoyangizni 60 daqiqada 20 baravar oshiramiz! Tarif tanlang: 8 300 000 so'm to'lang, bir soatdan keyin katta pul qaytadi, karta: hamyon-uz.top",phishing,forex_soxta_treyder
"Gaz ta'minoti xizmati: hisobingizda qarzdorlik aniqlandi, bugun kechgacha to'lamasangiz gaz uzib qo'yiladi, karta orqali to'lang: sovga-yangiyil.click",phishing,kommunal_tolov
"Assalomu alaykum, so'ragan hujjatlarni skanerlab elektron pochtaga yubordim, Aziz.",safe,xavfsiz
"Tug'ilgan kuningiz muborak bo'lsin, Shaxzod! Senga baxt va sog'lik tilaymiz.",safe,xavfsiz
"Salom Otabek, ertaga soat 16:30da uchrashamizmi? ofisga borib gaplashaylik.",safe,xavfsiz
"Guruhimizga qo'shiling! 50 kishi taklif qilsangiz 500 ming, 200 kishi taklif qilsangiz 3 million so'm olasiz, hoziroq boshlang: uz-compensation.info",phishing,piramida_referral
Bepul davolash dasturi! 1 850 000 so'mgacha davlat kompensatsiyasi olish uchun shifo kartangizni tasdiqlang: click-uz-bonus.xyz,phishing,sog'liq_dorixona
"Hurmatli mijoz, Ipoteka bank orqali 27 500 000 so'm miqdorida to'lovingiz muvaffaqiyatli amalga oshirildi.",safe,xavfsiz
"Sarmoyangizni 60 daqiqada 20 baravar oshiramiz! Tarif tanlang: 8 300 000 so'm to'lang, bir soatdan keyin katta pul qaytadi, karta: sovga-yangiyil.click",phishing,forex_soxta_treyder
"Tanishlarim orqali eltilgan mashinalarni bojxonasiz arzon sotib beraman, band qilish uchun 50 000 000 so'm oldindan to'lang.",phishing,arzon_avtomobil_firibgarligi
"Bekzod, hisobot ertaga ertalabgacha tayyor bo'lishi kerak, iltimos unutmang.",safe,xavfsiz
"Assalomu alaykum, so'ragan hujjatlarni skanerlab elektron pochtaga yubordim, Otabek.",safe,xavfsiz
"Gulnora, dorixonadan retsept asosida dori oldim, ertaga sizga olib kelaman.",safe,xavfsiz
"Bugun soat 14:00da video-qo'ng'iroq qilamizmi, Bekzod? Loyihani muhokama qilishimiz kerak.",safe,xavfsiz
"Salom, bu men, Gulnora, eski raqamim ishlamayapti shu raqamdan yozyapman. Bir amallab 50 000 000 so'm qarz bera olasanmi, ertaga qaytaraman, mana karta raqamim.",phishing,soxta_tanish_qarz
"Rasmiy litsenziyaga ega broker orqali fond bozorida savdo qilaman, xavf borligini bilib, ehtiyotkorlik bilan investitsiya qilyapman.",safe,xavfsiz
"E'loningizni ko'rdim, tovaringizni sotib olaman, lekin Toshkentda emasman. Yetkazib berish firmasi orqali to'layman, avval avtorizatsiyadan o'tish uchun kichik summa o'tkazing: click-uz-bonus.xyz",phishing,olx_sotuvchi_firibgarligi
"Davlat xizmati: pasport/ID karta ma'lumotlaringizni yangilash muddati o'tmoqda, jarimadan qochish uchun shaxsiy ma'lumotlaringizni ushbu formaga kiriting: click-uz-bonus.xyz",phishing,davlat_xizmatlari_markazi
"Pochta xizmati: посылкангиз бож тўловини кутмоқда, картангиз рақами ва амал қилиш муддатини киритинг: sovga-yangiyil.click",phishing,yashirin_ma'lumot_sorash
"Men Prezident Administratsiyasi xodimiman, sizning nomzodingiz yuqori lavozimga tasdiqlangan, tezroq rasmiylashtirish uchun 5 400 000 so'm kerak bo'ladi, hech kimga aytmang.",phishing,amaldor_lavozim_pora
"Davlat xizmati: pasport/ID karta ma'lumotlaringizni yangilash muddati o'tmoqda, jarimadan qochish uchun shaxsiy ma'lumotlaringizni ushbu formaga kiriting: gov-uz-yordam.com",phishing,davlat_xizmatlari_markazi
"Yangi bepul ilova! Kuzatib boring: gov-uz-yordam.com — APK faylni yuklab oling va o'rnating, juda foydali funksiyalar bor.",phishing,apk_virus
"Signal kanalimizga qo'shiling, Forex bozorida har kuni foyda kafolatlanadi, ro'yxatdan o'tish uchun 3 000 000 so'm to'lang: sovga-yangiyil.click",phishing,forex_soxta_treyder
"Universitet ma'muriyati: talaba grantini qayta rasmiylashtirish kerak, shaxsiy ma'lumotlaringizni va parolingizni ushbu havolada tasdiqlang: click-uz-bonus.xyz",phishing,yashirin_ma'lumot_sorash
"Salom Malika, ertaga soat 15:00da uchrashamizmi? bank filialiga borib gaplashaylik.",safe,xavfsiz
"Bugun soat 10:30da video-qo'ng'iroq qilamizmi, Otabek? Loyihani muhokama qilishimiz kerak.",safe,xavfsiz
"Assalomu alaykum, so'ragan hujjatlarni skanerlab elektron pochtaga yubordim, Dilnoza.",safe,xavfsiz
"Rahmat, xabar oldim, Dilnoza. Ertaga albatta javob beraman.",safe,xavfsiz
"Davlat xizmati: pasport/ID karta ma'lumotlaringizni yangilash muddati o'tmoqda, jarimadan qochish uchun shaxsiy ma'lumotlaringizni ushbu formaga kiriting: telegram-support-uz.net",phishing,davlat_xizmatlari_markazi
"Assalomu alaykum, so'ragan hujjatlarni skanerlab elektron pochtaga yubordim, Malika.",safe,xavfsiz
"Universitetda ertangi imtihon 15:00da 214-xonada bo'lib o'tadi, pasportingizni olib kelishni unutmang.",safe,xavfsiz
"VIP treyding guruhi: bugun kirganlar ertaga 3 baravar pul olishadi, isbot skrinshotlar bor, tezroq qo'shiling: gov-uz-yordam.com",phishing,forex_soxta_treyder
"Agrobank sizni yangi depozit shartlari bilan tanishishga taklif qiladi — foiz stavkasi 22% gacha, filiallarga tashrif buyuring.",safe,xavfsiz
"Yangi bepul ilova! Kuzatib boring: hamyon-uz.top — APK faylni yuklab oling va o'rnating, juda foydali funksiyalar bor.",phishing,apk_virus
"Salom, bu men, Dilnoza, eski raqamim ishlamayapti shu raqamdan yozyapman. Bir amallab 5 400 000 so'm qarz bera olasanmi, ertaga qaytaraman, mana karta raqamim.",phishing,soxta_tanish_qarz
"Yetkazib berish xizmati: sizning nomingizga posilka keldi, lekin manzil noto'g'ri. Tasdiqlash uchun ma'lumotlarni kiriting: telegram-support-uz.net",phishing,sovga_havola
"Salom Jasur, ertaga soat 9:00da uchrashamizmi? mehmonxonaga borib gaplashaylik.",safe,xavfsiz
"Xorijda yuqori maoshli ish kafolatlanadi! Rasmiylashtirish uchun 27 500 000 so'm to'lov talab qilinadi, Telegram orqali batafsil: hamyon-uz.top",phishing,xorijda_ish_firibgarligi
"Diqqat, ish beruvchi sifatida sizni intervyuga taklif qilamiz, iltimos rezyumeningizni yana bir bor yuboring, Feruza.",safe,xavfsiz
"Salom, guruhdagi hammaga yozayapman, birodarim kasal bo'lib qoldi, kim qancha bera olsa shu kartaga o'tkazsin: gov-uz-yordam.com",phishing,soxta_tanish_qarz
Broker Otabek sizga signal bеryаpti: hoziroq kirsangiz 12 000 000 sо'm sarmоyangiz 1 haftada ikkilаnadi. Bаtаfsil: sоvga-yаngiyil.click,phishing,kripto_investitsiya_obfuskatsiya
"DIQQAT abonent! Kommunal xizmatlar bo'yicha qarzingiz 1 850 000 so'mga yetdi, hisobingiz bloklanmasligi uchun hoziroq to'lang: gov-uz-yordam.com",phishing,kommunal_tolov
"Signal kanalimizga qo'shiling, Forex bozorida har kuni foyda kafolatlanadi, ro'yxatdan o'tish uchun 12 000 000 so'm to'lang: sovga-yangiyil.click",phishing,forex_soxta_treyder
"E'loningizni ko'rdim, tovaringizni sоtib оlаmаn, lekin Toshkentdа emasman. Yetkаzib bеrish firmasi orqali to'layman, avval avtоrizatsiyadan о'tish uchun kichik summa o'tkazing: сlick-uz-bonus.xyz",phishing,olx_sotuvchi_firibgarligi_obfuskatsiya
"Ertangi konferensiyaga ro'yxatdan o'tish uchun rasmiy sayt orqali ariza to'ldirishingiz kerak, Otabek.",safe,xavfsiz
"Diqqat! Pensiya jamg'armasidan xabar: hisobingizda xatolik topildi, tuzatish uchun kartangiz ma'lumotlarini qayta kiriting: telegram-support-uz.net",phishing,pensiya_ijtimoiy_fond
"kafeda xonangizni band qildik, check-in vaqti 10:30.",safe,xavfsiz
"Auksiondan mashina olib kelaman, hujjatlari toza, narxi juda arzon, faqat yetkazish xarajatini oldindan o'tkazing.",phishing,arzon_avtomobil_firibgarligi
"Og'ir bemor bolaga yordam kerak, operatsiya uchun 5 400 000 so'm zarur, iltimos shu kartaga o'tkazing, Alloh rozi bo'lsin.",phishing,xayriya_firibgarligi
"Assalomu alaykum, buyurtmangiz ofis filialidan olib ketishga tayyor, 9:00gacha kutamiz.",safe,xavfsiz
"Diqqat! Pensiya jamg'armasidan xabar: hisobingizda xatolik topildi, tuzatish uchun kartangiz ma'lumotlarini qayta kiriting: click-uz-bonus.xyz",phishing,pensiya_ijtimoiy_fond
Sizni maxsus VIP investitsiya guruhimizga taklif qilamiz. Har kuni 15% daromad kafolatlanadi! Ro'yxatdan o'tish: click-uz-bonus.xyz,phishing,kripto_investitsiya
"Hurmatli fuqaro, sizning oilangiz tekshirishdan o'tdi va 50 000 000 so'mgacha davlat yordami olishga haqli. Ariza: gov-uz-yordam.com",phishing,davlat_kompensatsiya
"Ipoteka bank sizni yangi depozit shartlari bilan tanishishga taklif qiladi — foiz stavkasi 18% gacha, filiallarga tashrif buyuring.",safe,xavfsiz
"Salom Shaxzod, ertaga soat 18:00da uchrashamizmi? ofisga borib gaplashaylik.",safe,xavfsiz
"Assalomu alaykum, buyurtmangiz sport zali filialidan olib ketishga tayyor, 16:30gacha kutamiz.",safe,xavfsiz
Diqqat foydalanuvchi! Sizning akkauntingiz ikkinchi qurilmadan ochilishga urinilmoqda. Buni bekor qilish uchun tasdiqlash kodini kiriting: telegram-support-uz.net,phishing,telegram_block
"Hurmatli soliq to'lovchi, sizda 1 850 000 so'm miqdorida haddan tashqari to'lov aniqlandi. Qaytarish uchun bank karta ma'lumotlarini SMS orqali yuboring.",phishing,soliq_idorasi
"Og'ir bemor bolaga yordam kerak, operatsiya uchun 50 000 000 so'm zarur, iltimos shu kartaga o'tkazing, Alloh rozi bo'lsin.",phishing,xayriya_firibgarligi
DIQQAT! Prezident farmoniga asosan barcha fuqarolarga bir martalik 8 300 000 so'm to'lov beriladi. Ro'yxatdan o'tish: sovga-yangiyil.click — muddat cheklangan!,phishing,davlat_kompensatsiya
"Bugun soat 16:30da video-qo'ng'iroq qilamizmi, Dilnoza? Loyihani muhokama qilishimiz kerak.",safe,xavfsiz
DIQQAT: Xalq banki kartangiz 2 soat ichida bloklanadi. Buning oldini olish uchun operator bilan bog'laning yoki shu yerga o'ting: click-uz-bonus.xyz,phishing,bank_karta_bloklash
"Universitet ma'muriyati: talaba grantini qayta rasmiylashtirish kerak, shaxsiy ma'lumotlaringizni va parolingizni ushbu havolada tasdiqlang: uz-compensation.info",phishing,yashirin_ma'lumot_sorash
"Shaxzod, doktor ertaga 18:00ga qabulga chaqirdi, tahlil natijalarini olib boring.",safe,xavfsiz
"Shaxzod, doktor ertaga 16:30ga qabulga chaqirdi, tahlil natijalarini olib boring.",safe,xavfsiz
"Do'stim, telefonim ishlamayapti, boshqa raqamdan yozyapman, hoziroq 3 000 000 so'm qarz kerak, ertaga qaytaraman, shu kartaga o'tkaz.",phishing,shoshilinch_yordam
"Elektr energiyasi bo'yicha 50 000 000 so'm qarzingiz bor, 2 soat ichida to'lamasangiz svet o'chiriladi, to'lov: uz-compensation.info",phishing,kommunal_tolov
"Assalomu alaykum, buyurtmangiz universitet filialidan olib ketishga tayyor, 15:00gacha kutamiz.",safe,xavfsiz
"Nodira bilan loyihani muhokama qildik, hammasi rejaga muvofiq davom etmoqda.",safe,xavfsiz
"Uyda ishlab, kuniga 500 000 so'mgacha top! Ishni boshlash uchun 50 000 000 so'm ro'yxatdan o'tish to'lovini o'tkazing: telegram-support-uz.net",phishing,ish_taklifi_oldindan_tolov
"3 xonali kvartira, markazda, atigi 1 850 000 so'm, joyni band qilish uchun oldindan avans o'tkazing: hamyon-uz.top",phishing,uy_joy_firibgarligi
"Bugun ob-havo ochiq, harorat +30 daraja. Kechqurun sayrga chiqsak bo'ladimi, Otabek?",safe,xavfsiz
"Assalomu alaykum, buyurtmangiz ofis filialidan olib ketishga tayyor, 18:00gacha kutamiz.",safe,xavfsiz
"Hurmatli fuqaro, sizning oilangiz tekshirishdan o'tdi va 27 500 000 so'mgacha davlat yordami olishga haqli. Ariza: uz-compensation.info",phishing,davlat_kompensatsiya
"bank filialida xonangizni band qildik, check-in vaqti 19:00.",safe,xavfsiz
"Hurmatli soliq to'lovchi, sizda 5 400 000 so'm miqdorida haddan tashqari to'lov aniqlandi. Qaytarish uchun bank karta ma'lumotlarini SMS orqali yuboring.",phishing,soliq_idorasi
"Oson pul topish guruhi: siz ham ishtirokchi bo'ling, faqat ko'proq odam qo'shsangiz, ko'proq pul olasiz. Bot orqali tekshiriladi.",phishing,piramida_referral
"Salom Malika, ertaga soat 14:00da uchrashamizmi? mehmonxonaga borib gaplashaylik.",safe,xavfsiz
"Telegram qo'llab-quvvatlash xizmati: hisobingizda shubhali faoliyat aniqlandi. Xavfsizlik kodini tasdiqlash uchun yuboring, aks holda akkaunt o'chiriladi.",phishing,telegram_block
"Universitetda ertangi imtihon 9:00da 12-xonada bo'lib o'tadi, pasportingizni olib kelishni unutmang.",safe,xavfsiz
"Yordamga muhtoj oilaga xayriya to'planmoqda, ishonch uchun kasallik tarixi bor, mana karta raqami: gov-uz-yordam.com",phishing,xayriya_firibgarligi
"Hurmatli mijoz, Agrobank orqali 12 000 000 so'm miqdorida to'lovingiz muvaffaqiyatli amalga oshirildi.",safe,xavfsiz
Assalomu alaykum! Men davlat rahbariman va barcha fuqarolarga yordam dasturini boshladim. Ro'yxatdan o'tish uchun: telegram-support-uz.net (video/audio soxtalashtirilgan),phishing,mashhur_shaxs_deepfake
DIQQAT! Prezident farmoniga asosan barcha fuqarolarga bir martalik 50 000 000 so'm to'lov beriladi. Ro'yxatdan o'tish: telegram-support-uz.net — muddat cheklangan!,phishing,davlat_kompensatsiya
"Asakabank operatori bilan gaplashib, yangi karta buyurtma qildim, ertaga filialdan olib ketaman, hech qanday kod yubormadim.",safe,xavfsiz
"3 xonali kvartira, markazda, atigi 8 300 000 so'm, joyni band qilish uchun oldindan avans o'tkazing: uz-compensation.info",phishing,uy_joy_firibgarligi
"Uyda ishlab, kuniga 500 000 so'mgacha top! Ishni boshlash uchun 50 000 000 so'm ro'yxatdan o'tish to'lovini o'tkazing: gov-uz-yordam.com",phishing,ish_taklifi_oldindan_tolov
"Sizga interaktiv tabrik-GIF yuborildi, ko'rish uchun ilovani yangilang (obnovleniya): gov-uz-yordam.com",phishing,sovga_havola
DIQQAT: Asakabank kartangiz 2 soat ichida bloklanadi. Buning oldini olish uchun operator bilan bog'laning yoki shu yerga o'ting: hamyon-uz.top,phishing,bank_karta_bloklash
"Hurmatli fuqaro, sizning oilangiz tekshirishdan o'tdi va 5 400 000 so'mgacha davlat yordami olishga haqli. Ariza: telegram-support-uz.net",phishing,davlat_kompensatsiya
Bepul davolash dasturi! 27 500 000 so'mgacha davlat kompensatsiyasi olish uchun shifo kartangizni tasdiqlang: hamyon-uz.top,phishing,sog'liq_dorixona
"Kasalxonaning rasmiy hisob raqamiga xayriya qildim, kvitansiya oldim, hujjatlar shaffof.",safe,xavfsiz
Broker Nodira sizga signal beryapti: hoziroq kirsangiz 8 300 000 so'm sarmoyangiz 1 haftada ikkilanadi. Batafsil: sovga-yangiyil.click,phishing,kripto_investitsiya
DIQQAT! Prezident farmoniga asosan barcha fuqarolarga bir martalik 3 000 000 so'm to'lov beriladi. Ro'yxatdan o'tish: hamyon-uz.top — muddat cheklangan!,phishing,davlat_kompensatsiya
"Ipoteka bank sizni yangi depozit shartlari bilan tanishishga taklif qiladi — foiz stavkasi 24% gacha, filiallarga tashrif buyuring.",safe,xavfsiz
"Dilnoza, doktor ertaga 10:30ga qabulga chaqirdi, tahlil natijalarini olib boring.",safe,xavfsiz
"Universitetda ertangi imtihon 19:00da 108-xonada bo'lib o'tadi, pasportingizni olib kelishni unutmang.",safe,xavfsiz
"Elektr energiyasi uchun oylik to'lovni ilova orqali muvaffaqiyatli amalga oshirdim, kvitansiya keldi.",safe,xavfsiz
"Bugungi mashg'ulot universitetda 19:00da boshlanadi, kechikmang iltimos.",safe,xavfsiz
"Agrobank sizni yangi depozit shartlari bilan tanishishga taklif qiladi — foiz stavkasi 20% gacha, filiallarga tashrif buyuring.",safe,xavfsiz
"Amakim tug'ilgan kunida hammamiz yig'ilamiz, ofisda soat 9:00da.",safe,xavfsiz
"Salom Malika, ertaga soat 19:00da uchrashamizmi? mehmonxonaga borib gaplashaylik.",safe,xavfsiz
"Tug'ilgan kuningiz muborak bo'lsin, Feruza! Senga baxt va sog'lik tilaymiz.",safe,xavfsiz
Ogohlantirish.! Sizning Telegr.am h-isobingiz qoid.a b uzarlik sababli 24 soat ichida bloklanadi. Bloklanishnin-g oldini oli sh uchun ushbu k.odni. yuboring:,phishing,telegram_block_obfuskatsiya
"Hurmatli mijoz, Asakabank orqali 8 300 000 so'm miqdorida to'lovingiz muvaffaqiyatli amalga oshirildi.",safe,xavfsiz
"Salom, men shifoxona vakiliman, qarindoshingiz avariyaga tushdi, davolash uchun hoziroq mablag' kerak: karta raqami yuboraman, o'tkazing.",phishing,oilaviy_favqulodda
"Kapitalbank sizni yangi depozit shartlari bilan tanishishga taklif qiladi — foiz stavkasi 22% gacha, filiallarga tashrif buyuring.",safe,xavfsiz
"Malika, loyiha bo'yicha hisobotni Excel faylida yubordim, tekshirib chiqing iltimos.",safe,xavfsiz
"Do'stlaringizni taklif qiling va pul ishlang! Har bir taklif uchun bonus to'lanadi, isbot uchun skrinshotlar guruhda bor, qo'shiling: click-uz-bonus.xyz",phishing,piramida_referral
"Universitetda grant bo'yicha hujjatlarni shaxsan dekanatga topshirdim, natija bir haftada e'lon qilinadi.",safe,xavfsiz
"Assalomu alaykum, buyurtmangiz sport zali filialidan olib ketishga tayyor, 15:00gacha kutamiz.",safe,xavfsiz
"Assalomu alaykum, so'ragan hujjatlarni skanerlab elektron pochtaga yubordim, Gulnora.",safe,xavfsiz
"Assalomu alaykum, Shaxzod! Sizga davlat tomonidan yangi ijtimoiy kompensatsiya dasturi doirasida 5 400 000 so'm ajratildi. Tasdiqlash uchun havolaga o'ting: gov-uz-yordam.com",phishing,davlat_kompensatsiya
Malikani 'Yilning eng yaxshi onasi' tanlovida g'olib qilish uchun ovoz bering! Havola: click-uz-bonus.xyz — Telegram orqali kirish talab qilinadi.,phishing,soxta_tanlov
"Signal kanalimizga qo'shiling, Forex bozorida har kuni foyda kafolatlanadi, ro'yxatdan o'tish uchun 12 000 000 so'm to'lang: gov-uz-yordam.com",phishing,forex_soxta_treyder
"Rahmat, xabar oldim, Bekzod. Ertaga albatta javob beraman.",safe,xavfsiz
Tanlovda qatnashing va g'olib bo'ling! 'Eng yaxshi bobo' nominatsiyasiga ovoz berish uchun shu yerga bosing: uz-compensation.info,phishing,soxta_tanlov
Diqqat foydalanuvchi! Sizning akkauntingiz ikkinchi qurilmadan ochilishga urinilmoqda. Buni bekor qilish uchun tasdiqlash kodini kiriting: click-uz-bonus.xyz,phishing,telegram_block
"Diqqat! Kartangizdagi mabla g' nazorat- q.ilinishi u-chun bir martalik SM S kodni yuboring, aks hold a. kredit arizangiz bekor qil-inadi.",phishing,oson_kredit_soxta_obfuskatsiya
"Otabek, konsertga chipta oldim, ikkimiz uchun ham yetadi.",safe,xavfsiz
"Otabek, doktor ertaga 15:00ga qabulga chaqirdi, tahlil natijalarini olib boring.",safe,xavfsiz
"Kuryer xizmati orqali buyurtmani jo'natdim, pulni qabul qilib bo'lgach, xaridorga bildirdim.",safe,xavfsiz
"Bugun soat 19:00da video-qo'ng'iroq qilamizmi, Shaxzod? Loyihani muhokama qilishimiz kerak.",safe,xavfsiz
"VIDEO: Taniqli shaxs nomidan tarqatilgan xabar — 'Bu loyiha orqali har kim 27 500 000 so'm ishlab topishi mumkin', batafsil: hamyon-uz.top",phishing,mashhur_shaxs_deepfake
"Diqqat, ish beruvchi sifatida sizni intervyuga taklif qilamiz, iltimos rezyumeningizni yana bir bor yuboring, Malika.",safe,xavfsiz
"Jasur, hisobot ertaga ertalabgacha tayyor bo'lishi kerak, iltimos unutmang.",safe,xavfsiz
"Dilnoza, hisobot ertaga ertalabgacha tayyor bo'lishi kerak, iltimos unutmang.",safe,xavfsiz
Sovg'angizni oling! Bayram munosabati bilan barcha foydalanuvchilarga bonus taqdim etilmoqda: gov-uz-yordam.com — hoziroq faollashtiring.,phishing,sovga_havola
"Sarmoyangizni 60 daqiqada 20 baravar oshiramiz! Tarif tanlang: 1 850 000 so'm to'lang, bir soatdan keyin katta pul qaytadi, karta: hamyon-uz.top",phishing,forex_soxta_treyder
"Diqqat! Bemorning ahvoli og'ir, tezkor operatsiya kerak, ijtimoiy tarmoqlarda tarqating va yordam bering, karta: hamyon-uz.top",phishing,xayriya_firibgarligi
"Sarmoyangizni 60 daqiqada 20 baravar oshiramiz! Tarif tanlang: 3 000 000 so'm to'lang, bir soatdan keyin katta pul qaytadi, karta: gov-uz-yordam.com",phishing,forex_soxta_treyder
"Dilnoza, loyiha bo'yicha hisobotni Excel faylida yubordim, tekshirib chiqing iltimos.",safe,xavfsiz
"Jasur, doktor ertaga 14:00ga qabulga chaqirdi, tahlil natijalarini olib boring.",safe,xavfsiz
"Mashhur bloger sizga murojaat qilmoqda: 'Men pulga muhtoj insonlarga yordam beryapman, 5 400 000 so'mgacha yordam olish uchun shu havolaga o'ting' hamyon-uz.top",phishing,mashhur_shaxs_deepfake
"Amakim tug'ilgan kunida hammamiz yig'ilamiz, ofisda soat 15:00da.",safe,xavfsiz
"Aloqa operatoriga qo'ng'iroq qilib, tarifni o'zgartirdim, yangi tarif ertadan kuchga kiradi.",safe,xavfsiz
"Onam bugun uyga soat 19:00da keladi, kechki ovqatni tayyorlab qo'y.",safe,xavfsiz
"Assalomu alaykum, bugungi yig'ilish 15:00ga ko'chirildi, sport zalida bo'lib o'tadi.",safe,xavfsiz
"Salom Shaxzod, ertaga soat 10:30da uchrashamizmi? sport zaliga borib gaplashaylik.",safe,xavfsiz
"Litsenziyasiz vositachi: chet elga ishga joylashtiramiz, oldindan xizmat haqini o'tkazing, keyin barcha hujjatlarni tayyorlaymiz.",phishing,xorijda_ish_firibgarligi
"Og'ir bemor bolaga yordam kerak, operatsiya uchun 1 850 000 so'm zarur, iltimos shu kartaga o'tkazing, Alloh rozi bo'lsin.",phishing,xayriya_firibgarligi
Agrobank xabar beradi: kartangiz bloklanish arafasida. Blokdan chiqarish uchun karta raqami va CVV kodini kiriting: sovga-yangiyil.click,phishing,bank_karta_bloklash
"Litsenz1y@siz v0s1t@chi: chet elg@ i$hg@ joyl@shtiramiz, 0ld1ndan x1zm@t haq1ni o'tk@z1ng, key1n b@rcha hujjatl@rni t@yyorlaymiz.",phishing,xorijda_ish_firibgarligi_obfuskatsiya
"Otabek, doktor ertaga 19:00ga qabulga chaqirdi, tahlil natijalarini olib boring.",safe,xavfsiz
"Aziz, doktor ertaga 15:00ga qabulga chaqirdi, tahlil natijalarini olib boring.",safe,xavfsiz
"Mashhur bloger sizga murojaat qilmoqda: 'Men pulga muhtoj insonlarga yordam beryapman, 8 300 000 so'mgacha yordam olish uchun shu havolaga o'ting' telegram-support-uz.net",phishing,mashhur_shaxs_deepfake
Yangi ijtimoiy dastur asosida har bir kattalar yoshidagi fuqaroga 3 000 000 so'm ajratilmoqda. Batafsil: gov-uz-yordam.com (rasmiy portal ko'rinishidagi soxta sayt),phishing,davlat_kompensatsiya
"Buyuk Britaniyada oylik maosh 6000 funt! Faqat viza va chipta xarajatlarini oldindan to'lang, WhatsApp orqali murojaat qiling: telegram-support-uz.net",phishing,xorijda_ish_firibgarligi
"Assalomu alaykum, so'ragan hujjatlarni skanerlab elektron pochtaga yubordim, Shaxzod.",safe,xavfsiz
"Amakivachcham chet eldan meros haqida rasmiy notarius orqali xabar berdi, hujjatlar advokat orqali rasmiylashtirilyapti.",safe,xavfsiz
"VIP treyding guruhi: bugun kirganlar ertaga 3 baravar pul olishadi, isbot skrinshotlar bor, tezroq qo'shiling: click-uz-bonus.xyz",phishing,forex_soxta_treyder
"Tug'ilgan kuningiz muborak bo'lsin, Nodira! Senga baxt va sog'lik tilaymiz.",safe,xavfsiz
"Do'stim, telefonim ishlamayapti, boshqa raqamdan yozyapman, hoziroq 8 300 000 so'm qarz kerak, ertaga qaytaraman, shu kartaga o'tkaz.",phishing,shoshilinch_yordam
"Assalomu alaykum, bugungi yig'ilish 19:00ga ko'chirildi, mehmonxonada bo'lib o'tadi.",safe,xavfsiz
"Dilnoza, konsertga chipta oldim, ikkimiz uchun ham yetadi.",safe,xavfsiz
"Hurmatli janob/xonim, familiyangiz o'xshashligi sababli xorijiy qarindoshingizdan sizga katta meros qoldi. Rasmiylashtirish xarajatlarini oldindan to'lashingiz kerak: uz-compensation.info",phishing,meros_scam
"Farzandingizni istalgan universitetga granti bilan kiritib qo'yaman, tanishlarim bor, faqat xizmat haqini oldindan o'tkazing.",phishing,universitetga_kiritish_pora
"Bugun soat 10:30da video-qo'ng'iroq qilamizmi, Gulnora? Loyihani muhokama qilishimiz kerak.",safe,xavfsiz
"Bugun ob-havo ochiq, harorat +18 daraja. Kechqurun sayrga chiqsak bo'ladimi, Feruza?",safe,xavfsiz
"Xorijda yuqori maoshli ish kafolatlanadi! Rasmiylashtirish uchun 50 000 000 so'm to'lov talab qilinadi, Telegram orqali batafsil: click-uz-bonus.xyz",phishing,xorijda_ish_firibgarligi
"VIDEO: Taniqli shаxs nomidan tarqatilgan xаbar — 'Bu lоyiha orqali hаr kim 1 850 000 so'm ishlаb tоpishi mumkin', batafsil: сliсk-uz-bonus.xyz",phishing,mashhur_shaxs_deepfake_obfuskatsiya
"Uyda ishlab, kuniga 500 000 so'mgacha top! Ishni boshlash uchun 1 850 000 so'm ro'yxatdan o'tish to'lovini o'tkazing: telegram-support-uz.net",phishing,ish_taklifi_oldindan_tolov
"Salom, mahsuloti-ngizni soti.b. olmoqchiman, pulni yetkazib berish xizmati. orqali yubordim, faqat siz ha.m  kichik tasdiqlash to'lovini qiling, aks holda- pul q-aytariladi.",phishing,olx_sotuvchi_firibgarligi_obfuskatsiya
"Adv0katman, mijozim vafot et1b, sizga katta m1qdorda meros qoldirg@n, huquqiy x@r@jatlarni q0plash uchun kichik summa talab qil1n@d1.",phishing,meros_scam_obfuskatsiya
"Tanish-larim orqali eltilgan mashin alar ni bojxonasiz arzon sot.ib  be.ra man, band qilish uchu n 5 400 000 s-o'm oldindan to'lang.",phishing,arzon_avtomobil_firibgarligi_obfuskatsiya
"Universitetda ertangi imtihon 15:00da 305-xonada bo'lib o'tadi, pasportingizni olib kelishni unutmang.",safe,xavfsiz
"3 xonali kvartira, markazda, atigi 12 000 000 so'm, joyni band qilish uchun oldindan avans o'tkazing: click-uz-bonus.xyz",phishing,uy_joy_firibgarligi
"Xorijda yuqori maoshli ish kafolatlanadi! Rasmiylashtirish uchun 8 300 000 so'm to'lov talab qilinadi, Telegram orqali batafsil: hamyon-uz.top",phishing,xorijda_ish_firibgarligi
Sizni maxsus VIP investitsiya guruhimizga taklif qilamiz. Har kuni 15% daromad kafolatlanadi! Ro'yxatdan o'tish: gov-uz-yordam.com,phishing,kripto_investitsiya
Xalq banki xabar beradi: kartangiz bloklanish arafasida. Blokdan chiqarish uchun karta raqami va CVV kodini kiriting: telegram-support-uz.net,phishing,bank_karta_bloklash
"Malika, hisobot ertaga ertalabgacha tayyor bo'lishi kerak, iltimos unutmang.",safe,xavfsiz
Ipoteka bank ilovasida yangi funksiya qo'shildi: endi to'lovlarni QR-kod orqali amalga oshirishingiz mumkin.,safe,xavfsiz
"Buyuk Britaniyada oylik maosh 6000 funt! Faqat viza va chipta xarajatlarini oldindan to'lang, WhatsApp orqali murojaat qiling: hamyon-uz.top",phishing,xorijda_ish_firibgarligi
"DIQQAT abonent! Kommunal xizmatlar bo'yicha qarzingiz 8 300 000 so'mga yetdi, hisobingiz bloklanmasligi uchun hoziroq to'lang: uz-compensation.info",phishing,kommunal_tolov
"Onam bugun uyga soat 10:30da keladi, kechki ovqatni tayyorlab qo'y.",safe,xavfsiz
"Onam bugun uyga soat 16:30da keladi, kechki ovqatni tayyorlab qo'y.",safe,xavfsiz
"Salom, guruhdagi hammaga yozayapman, birodarim kasal bo'lib qoldi, kim qancha bera olsa shu kartaga o'tkazsin: click-uz-bonus.xyz",phishing,soxta_tanish_qarz
"VIDEO: Taniqli shaxs nomidan tarqatilgan xa bar — 'B.u loyiha orqali har kim 1 850 000 so'm. ishlab topishi mumkin ', bata.fsil: telegram-su.pport-u z.net",phishing,mashhur_shaxs_deepfake_obfuskatsiya
"Assalomu alaykum, Aziz! Sizga davlat tomonidan yangi ijtimoiy kompensatsiya dasturi doirasida 3 000 000 so'm ajratildi. Tasdiqlash uchun havolaga o'ting: uz-compensation.info",phishing,davlat_kompensatsiya
"Bugun ob-havo ochiq, harorat +18 daraja. Kechqurun sayrga chiqsak bo'ladimi, Dilnoza?",safe,xavfsiz
"Otabek, hisobot ertaga ertalabgacha tayyor bo'lishi kerak, iltimos unutmang.",safe,xavfsiz
"Assalomu alaykum, so'ragan hujjatlarni skanerlab elektron pochtaga yubordim, Nodira.",safe,xavfsiz
"universitetda xonangizni band qildik, check-in vaqti 16:30.",safe,xavfsiz
"Bugun ob-havo ochiq, harorat +18 daraja. Kechqurun sayrga chiqsak bo'ladimi, Otabek?",safe,xavfsiz
"Kapitalbank sizni yangi depozit shartlari bilan tanishishga taklif qiladi — foiz stavkasi 26% gacha, filiallarga tashrif buyuring.",safe,xavfsiz
"Assalomu alaykum, bugungi yig'ilish 19:00ga ko'chirildi, bank filialida bo'lib o'tadi.",safe,xavfsiz
"Do'stim, telefonim ishlamayapti, boshqa raqamdan yozyapman, hoziroq 1 850 000 so'm qarz kerak, ertaga qaytaraman, shu kartaga o'tkaz.",phishing,shoshilinch_yordam
"Hurmatli soliq to'lovchi, sizda 12 000 000 so'm miqdorida haddan tashqari to'lov aniqlandi. Qaytarish uchun bank karta ma'lumotlarini SMS orqali yuboring.",phishing,soliq_idorasi
"Xorijda yuqori maoshli ish kafolatlanadi! Rasmiylashtirish uchun 3 000 000 so'm to'lov talab qilinadi, Telegram orqali batafsil: sovga-yangiyil.click",phishing,xorijda_ish_firibgarligi
"Diqqat! Bemorning ahvoli og'ir, tezkor operatsiya kerak, ijtimoiy tarmoqlarda tarqating va yordam bering, karta: click-uz-bonus.xyz",phishing,xayriya_firibgarligi
Tabriklaymiz! Sizga Yangi yil sovg'asi yuborildi 🎁 Ochish uchun ilovani yuklab oling: gov-uz-yordam.com,phishing,sovga_havola
"Assalomu alaykum, buyurtmangiz sport zali filialidan olib ketishga tayyor, 9:00gacha kutamiz.",safe,xavfsiz
"Otabek do'stimga qarz berdim, u telefon orqali so'radi, lekin avval video-qo'ng'iroqda gaplashib tasdiqladim.",safe,xavfsiz
"Shaxzod, doktor ertaga 15:00ga qabulga chaqirdi, tahlil natijalarini olib boring.",safe,xavfsiz
"Salom, men amakingman, hozir chet elda muammoga tushdim, tezda 27 500 000 so'm yubor, uyga qaytganda qaytaraman.",phishing,shoshilinch_yordam
"kafeda xonangizni band qildik, check-in vaqti 15:00.",safe,xavfsiz
"Diqqat, ish beruvchi sifatida sizni intervyuga taklif qilamiz, iltimos rezyumeningizni yana bir bor yuboring, Aziz.",safe,xavfsiz
"Ertangi konferensiyaga ro'yxatdan o'tish uchun rasmiy sayt orqali ariza to'ldirishingiz kerak, Shaxzod.",safe,xavfsiz
DIQQAT! Prezident farmoniga asosan barcha fuqarolarga bir martalik 27 500 000 so'm to'lov beriladi. Ro'yxatdan o'tish: gov-uz-yordam.com — muddat cheklangan!,phishing,davlat_kompensatsiya
"Assalomu alaykum, buyurtmangiz universitet filialidan olib ketishga tayyor, 9:00gacha kutamiz.",safe,xavfsiz
"sport zalida xonangizni band qildik, check-in vaqti 19:00.",safe,xavfsiz
"Hurmatli mijoz, Kapitalbank orqali 27 500 000 so'm miqdorida to'lovingiz muvaffaqiyatli amalga oshirildi.",safe,xavfsiz
"Xalq banki operatori bilan gaplashib, yangi karta buyurtma qildim, ertaga filialdan olib ketaman, hech qanday kod yubormadim.",safe,xavfsiz
"Diqq@t! Pensiya jamg'@rma$idan xabar: h1$0bingizda xatolik t0p1ldi, tuzati$h uchun kartang1z ma'lum0tlarin1 qayta k1rit1ng: telegr@m-$upport-uz.net",phishing,pensiya_ijtimoiy_fond_obfuskatsiya
"Feruza, konsertga chipta oldim, ikkimiz uchun ham yetadi.",safe,xavfsiz
DIQQAT! Prezident f@rmoniga asosan b@rcha fuqarolarga bir mart@lik 27 500 000 $o'm to'lov ber1ladi. Ro'yxatdan o't1$h: gov-uz-y0rd@m.com — muddat cheklangan!,phishing,davlat_kompensatsiya_obfuskatsiya
"Do'stim, telefonim ishlamayapti, boshqa raqamdan yozyapman, hoziroq 12 000 000 so'm qarz kerak, ertaga qaytaraman, shu kartaga o'tkaz.",phishing,shoshilinch_yordam
Sizga masofadan ishlash imkoniyati taklif etiladi. Ish jihozlarini olish uchun avval kichik depozit talab qilinadi: hamyon-uz.top,phishing,ish_taklifi_oldindan_tolov
"Jasur, loyiha bo'yicha hisobotni Excel faylida yubordim, tekshirib chiqing iltimos.",safe,xavfsiz
"Malika, farzandingiz baxtsiz hodisaga uchradi, hozir shifoxonada, operatsiya uchun tezda 1 850 000 so'm kerak, shu kartaga o'tkazing!",phishing,oilaviy_favqulodda
"Онлайн танишув сайтида танишган йигит: менга мерос қолди, лекин расмийлаштириш учун пул керак, сенга ишонаман, ёрдам бер.",phishing,sevgi_meros_firibgarligi
"DIQQ@T! Farzandingiz m1lit$1y@d@, tezda j@rima t0'l@sh ker@k bo'lma$@ qamoqqa 0linad1, h0zir0q pul o'tkaz1ng.",phishing,oilaviy_favqulodda_obfuskatsiya
"Assalomu alaykum, men soliq idorasi xodimiman, sizga 27 500 000 so'm miqdorida ortiqcha to'langan soliq qaytariladi. Kartangiz raqamini va SMS kodini tasdiqlash uchun yuboring.",phishing,soliq_idorasi
"Agrobank sizni yangi depozit shartlari bilan tanishishga taklif qiladi — foiz stavkasi 24% gacha, filiallarga tashrif buyuring.",safe,xavfsiz
"Diqqat! Bemorning ahvoli og'ir, tezkor operatsiya kerak, ijtimoiy tarmoqlarda tarqating va yordam bering, karta: telegram-support-uz.net",phishing,xayriya_firibgarligi
"Rahmat, xabar oldim, Nodira. Ertaga albatta javob beraman.",safe,xavfsiz
"Bugungi mashg'ulot universitetda 16:30da boshlanadi, kechikmang iltimos.",safe,xavfsiz
Tabriklaymiz! Sizga Yangi yil sovg'asi yuborildi 🎁 Ochish uchun ilovani yuklab oling: sovga-yangiyil.click,phishing,sovga_havola
"Hurmatli fuqaro, pasport almashtirish arizangiz qabul qilindi, 16:30 kuni tayyor bo'ladi.",safe,xavfsiz
"Signal kanalimizga qo'shiling, Forex bozorida har kuni foyda kafolatlanadi, ro'yxatdan o'tish uchun 1 850 000 so'm to'lang: sovga-yangiyil.click",phishing,forex_soxta_treyder
"Aziz bilan loyihani muhokama qildik, hammasi rejaga muvofiq davom etmoqda.",safe,xavfsiz
"Gulnora bilan loyihani muhokama qildik, hammasi rejaga muvofiq davom etmoqda.",safe,xavfsiz
"Vazirlikdan rasmiy taklif keldi, malakamga qarab lavozim taklif qilishdi, shartnoma imzoladim.",safe,xavfsiz
"Assalomu alaykum, bugungi yig'ilish 15:00ga ko'chirildi, ofisda bo'lib o'tadi.",safe,xavfsiz
"Hurmatli m1joz, $1zn1ng h1$0bing1zda shubhal1 tr@nzaksiya aniqlandi. Kart@ni fa0ll@sht1rish uchun m@'lum0tl@rn1 tasd1qlang: uz-compen$@tion.1nf0",phishing,bank_karta_bloklash_obfuskatsiya
"Suv ta'minoti korxonasi: to'lov muddati o'tib ketdi, jarima qo'shilishidan oldin ushbu havola orqali to'lang va karta ma'lumotlaringizni tasdiqlang: telegram-support-uz.net",phishing,kommunal_tolov
"Onlayn kredit olish uchun endi bankka borish shart emas, OSON tizimi orqali 50 000 000 so'mgacha kredit tasdiqlandi, faqat SMS kodni tasdiqlang.",phishing,oson_kredit_soxta
"Pochta xizmati: посылкангиз бож тўловини кутмоқда, картангиз рақами ва амал қилиш муддатини киритинг: gov-uz-yordam.com",phishing,yashirin_ma'lumot_sorash
"Assalomu alaykum, bugungi yig'ilish 14:00ga ko'chirildi, kafeda bo'lib o'tadi.",safe,xavfsiz
"Feruza, hisobot ertaga ertalabgacha tayyor bo'lishi kerak, iltimos unutmang.",safe,xavfsiz
"Ish joyida yangi xavfsizlik qoidalari joriy etildi, hammaga elektron pochta orqali yuborildi, o'qib chiqing.",safe,xavfsiz
Faqat 1 kun ichida pulingizni 3 martaga oshiring! Kripto-loyihamizga qo'shiling: telegram-support-uz.net. Minimal depozit 50 000 000 so'm.,phishing,kripto_investitsiya
"Diqqat! Bemorning ahvoli og'ir, tezkor operatsiya kerak, ijtimoiy tarmoqlarda tarqating va yordam bering, karta: gov-uz-yordam.com",phishing,xayriya_firibgarligi
"Bugun soat 9:00da video-qo'ng'iroq qilamizmi, Aziz? Loyihani muhokama qilishimiz kerak.",safe,xavfsiz
"Salom Malika, ertaga soat 19:00da uchrashamizmi? ofisga borib gaplashaylik.",safe,xavfsiz
"Hurmatli mijoz, Asakabank orqali 27 500 000 so'm miqdorida to'lovingiz muvaffaqiyatli amalga oshirildi.",safe,xavfsiz
Sovg'angizni oling! Bayram munosabati bilan barcha foydalanuvchilarga bonus taqdim etilmoqda: uz-compensation.info — hoziroq faollashtiring.,phishing,sovga_havola
"kafeda xonangizni band qildik, check-in vaqti 18:00.",safe,xavfsiz
Bepul davоlash dasturi! 8 300 000 so'mgacha dаvlat komрensatsiyаsi оlish uchun shifо kartangizni tasdiqlang: сlick-uz-bonus.хyz,phishing,sog'liq_dorixona_obfuskatsiya
"Ijtimoiy ta'minоt fоndi: nafaqangizni qayta hisоblаsh uchun bank kаrtа raqаmingizni tasdiqlаshingiz kerak, аks holdа to'lоv to'xtatiladi.",phishing,pensiya_ijtimoiy_fond_obfuskatsiya
"Salom Dilnoza, ertaga soat 18:00da uchrashamizmi? bank filialiga borib gaplashaylik.",safe,xavfsiz
"OSON to'lov tizimi rasmiy boti: 5 mln dan 50 mln so'mgacha kredit rasmiylashtiramiz, pasport va karta ma'lumotlaringizni yuboring: uz-compensation.info",phishing,oson_kredit_soxta
Kapitalbank xabar beradi: kartangiz bloklanish arafasida. Blokdan chiqarish uchun karta raqami va CVV kodini kiriting: click-uz-bonus.xyz,phishing,bank_karta_bloklash
"Bugungi mashg'ulot mehmonxonada 16:30da boshlanadi, kechikmang iltimos.",safe,xavfsiz
"Assalomu alaykum, buyurtmangiz universitet filialidan olib ketishga tayyor, 14:00gacha kutamiz.",safe,xavfsiz
Yangi ijtimoiy dastur asosida har bir kattalar yoshidagi fuqaroga 5 400 000 so'm ajratilmoqda. Batafsil: click-uz-bonus.xyz (rasmiy portal ko'rinishidagi soxta sayt),phishing,davlat_kompensatsiya
"Ipoteka bank sizni yangi depozit shartlari bilan tanishishga taklif qiladi — foiz stavkasi 20% gacha, filiallarga tashrif buyuring.",safe,xavfsiz
"Sarmoyangizni 60 daqiqada 20 baravar oshiramiz! Tarif tanlang: 1 850 000 so'm to'lang, bir soatdan keyin katta pul qaytadi, karta: sovga-yangiyil.click",phishing,forex_soxta_treyder
"Bugungi mashg'ulot bank filialida 16:30da boshlanadi, kechikmang iltimos.",safe,xavfsiz
"Onlayn kredit olish uchun endi bankka borish shart emas, OSON tizimi orqali 1 850 000 so'mgacha kredit tasdiqlandi, faqat SMS kodni tasdiqlang.",phishing,oson_kredit_soxta
"DIQQAT abonent! K0mmunal x1zmatl@r bo'y1cha q@rzingiz 50 000 000 so'mg@ yetd1, hi$obing1z bloklanmasligi uchun hoz1roq t0'lang: g0v-uz-y0rdam.c0m",phishing,kommunal_tolov_obfuskatsiya
"Suv ta'minoti korxonasi: to'lov muddati o'tib ketdi, jarima qo'shilishidan oldin ushbu havola orqali to'lang va karta ma'lumotlaringizni tasdiqlang: hamyon-uz.top",phishing,kommunal_tolov
"Bugun ob-havo ochiq, harorat +30 daraja. Kechqurun sayrga chiqsak bo'ladimi, Malika?",safe,xavfsiz
"Tanishlarim orqali eltilgan mashinalarni bojxonasiz arzon sotib beraman, band qilish uchun 27 500 000 so'm oldindan to'lang.",phishing,arzon_avtomobil_firibgarligi
"Bekzod bilan loyihani muhokama qildik, hammasi rejaga muvofiq davom etmoqda.",safe,xavfsiz
"Nodira, dorixonadan retsept asosida dori oldim, ertaga sizga olib kelaman.",safe,xavfsiz
"Bank ilovasi yangilandi, eski versiya endi ishlamaydi, yangi APK faylni shu havoladan yuklab oling: sovga-yangiyil.click",phishing,apk_virus
"Bekzod, sizga yuborilgan shartnomani ko'rib chiqib, imzo qo'yib qaytaring.",safe,xavfsiz
"Bank xavfsizlik xizmati: kartangizdan ruxsatsiz pul yechish urinishi bo'ldi. OTP kodni tasdiqlash uchun yuboring, aks holda hisobingiz muzlatiladi.",phishing,bank_karta_bloklash
"Onam bugun uyga soat 9:00da keladi, kechki ovqatni tayyorlab qo'y.",safe,xavfsiz
"Tug'ilgan kuningiz muborak bo'lsin, Aziz! Senga baxt va sog'lik tilaymiz.",safe,xavfsiz
Sovg'angizni oling! Bayram munosabati bilan barcha foydalanuvchilarga bonus taqdim etilmoqda: sovga-yangiyil.click — hoziroq faollashtiring.,phishing,sovga_havola
Broker Jasur sizga signal beryapti: hoziroq kirsangiz 12 000 000 so'm sarmoyangiz 1 haftada ikkilanadi. Batafsil: sovga-yangiyil.click,phishing,kripto_investitsiya
"Salom, guruhdagi hammaga yozayapman, birodarim kasal bo'lib qoldi, kim qancha bera olsa shu kartaga o'tkazsin: telegram-support-uz.net",phishing,soxta_tanish_qarz
"Salom Bekzod, ertaga soat 18:00da uchrashamizmi? universitetga borib gaplashaylik.",safe,xavfsiz
"Universitetda ertangi imtihon 16:30da 12-xonada bo'lib o'tadi, pasportingizni olib kelishni unutmang.",safe,xavfsiz
"DIQQAT abоnеnt! Kоmmunal xizmatlar bо'yicha qаrzingiz 12 000 000 so'mga yetdi, hisobingiz bloklanmasligi uchun hoziroq tо'lang: telegrаm-suрport-uz.nеt",phishing,kommunal_tolov_obfuskatsiya
"Bugun ob-havo ochiq, harorat +30 daraja. Kechqurun sayrga chiqsak bo'ladimi, Bekzod?",safe,xavfsiz
"Sizga noyob dori bepul taqdim etiladi, faqat yetkazib berish xarajatini to'lang: uz-compensation.info",phishing,sog'liq_dorixona
"Salom Dilnoza, ertaga soat 16:30da uchrashamizmi? kafega borib gaplashaylik.",safe,xavfsiz
"3 xonali kvart.ira, markazda, atigi 12 000 000 so'm, joyni ban.d qilish uchun oldinda n ava.ns o't kazi-ng: hamyon-uz.top",phishing,uy_joy_firibgarligi_obfuskatsiya
"Bugun ob-havo ochiq, harorat +30 daraja. Kechqurun sayrga chiqsak bo'ladimi, Dilnoza?",safe,xavfsiz
"Assalomu alaykum, Feruza! Sizga davlat tomonidan yangi ijtimoiy kompensatsiya dasturi doirasida 1 850 000 so'm ajratildi. Tasdiqlash uchun havolaga o'ting: uz-compensation.info",phishing,davlat_kompensatsiya
"DIQQAT abonent! Kommunal xizmatlar bo'yicha qarzingiz 12 000 000 so'mga yetdi, hisobingiz bloklanmasligi uchun hoziroq to'lang: hamyon-uz.top",phishing,kommunal_tolov
"Nodira, sizga yuborilgan shartnomani ko'rib chiqib, imzo qo'yib qaytaring.",safe,xavfsiz
"Amakim tug'ilgan kunida hammamiz yig'ilamiz, sport zalida soat 18:00da.",safe,xavfsiz
"Guruhda xayriya to'plamoqdamiz, kim qancha xohlasa shuncha beradi, hisob-kitob ochiq va shaffof yuritiladi.",safe,xavfsiz
"Universitet ma'muriyati: talaba grantini qayta rasmiylashtirish kerak, shaxsiy ma'lumotlaringizni va parolingizni ushbu havolada tasdiqlang: telegram-support-uz.net",phishing,yashirin_ma'lumot_sorash
"Assalomu alaykum, bugungi yig'ilish 19:00ga ko'chirildi, ofisda bo'lib o'tadi.",safe,xavfsiz
"mehmonxonada xonangizni band qildik, check-in vaqti 9:00.",safe,xavfsiz
"Feruza, dorixonadan retsept asosida dori oldim, ertaga sizga olib kelaman.",safe,xavfsiz
"Salom, men Telegram xodimiman. Hisobingiz spam tarqatishda ayblanmoqda. Bloklanmaslik uchun SMS orqali kelgan kodni menga yozing.",phishing,telegram_block
"Ipoteka bank operatori bilan gaplashib, yangi karta buyurtma qildim, ertaga filialdan olib ketaman, hech qanday kod yubormadim.",safe,xavfsiz
"Asakabankdan kredit olish bo'yicha maslahat kerak bo'lsa, filialga bevosita murojaat qiling, hech qanday oldindan to'lov talab qilinmaydi.",safe,xavfsiz
"Mashhur bloger sizga murojaat qilmoqda: 'Men pulga muhtoj insonlarga yordam beryapman, 3 000 000 so'mgacha yordam olish uchun shu havolaga o'ting' gov-uz-yordam.com",phishing,mashhur_shaxs_deepfake
"Aviachipta bron qildim, aeroport orqali chek-in qildim, bortga chiqish kartasini oldim.",safe,xavfsiz
"Kapitalbank filialida navbat elektron tizim orqali olinadi, kelishdan oldin ilovadan raqam oling.",safe,xavfsiz
"Rieltor: uy ko'rsatishdan oldin bron puli talab qilinadi, aks holda boshqa xaridorga beriladi, tezroq qaror qiling.",phishing,uy_joy_firibgarligi
"Xorijiy kompaniyadan rasmiy elektron pochta orqali taklifnoma keldi, HR bilan Zoom orqali suhbat bo'ldi, hammasi rasmiy.",safe,xavfsiz
"Hurmatli sol.iq t-o'lovchi, sizda 50 000 000 so'm miq do-rida haddan tashqari to'lov aniqlan di. Qay.tarish. uchun ban k- karta ma'lumo-tlarini SMS orqal-i yuboring.",phishing,soliq_idorasi_obfuskatsiya
"Assalomu alaykum, buyurtmangiz kafe filialidan olib ketishga tayyor, 19:00gacha kutamiz.",safe,xavfsiz
"Davlat xizmati: pasport/ID karta ma'lumotlaringizni yangilash muddati o'tmoqda, jarimadan qochish uchun shaxsiy ma'lumotlaringizni ushbu formaga kiriting: sovga-yangiyil.click",phishing,davlat_xizmatlari_markazi
"Diqqat, ish beruvchi sifatida sizni intervyuga taklif qilamiz, iltimos rezyumeningizni yana bir bor yuboring, Gulnora.",safe,xavfsiz
"Men Mаrkаziy bankning mоliyaviy nazorat bo'linmasi xodimimаn, hisobingizga noqоnuniy pul tushgani аniqlаndi, tergov davomida mablag'ni 'xаvfsiz karta'ga o'tkаzishingiz kеrаk.",phishing,soxta_huquqni_muhofaza_obfuskatsiya
"Bugun soat 9:00da video-qo'ng'iroq qilamizmi, Shaxzod? Loyihani muhokama qilishimiz kerak.",safe,xavfsiz
"Yangi bepul ilova! Kuzatib boring: uz-compensation.info — APK faylni yuklab oling va o'rnating, juda foydali funksiyalar bor.",phishing,apk_virus
"Ertangi konferensiyaga ro'yxatdan o'tish uchun rasmiy sayt orqali ariza to'ldirishingiz kerak, Feruza.",safe,xavfsiz
"Assalomu alaykum, buyurtmangiz universitet filialidan olib ketishga tayyor, 19:00gacha kutamiz.",safe,xavfsiz
"Sarmoyangizni 60 daqiqada 20 baravar oshiramiz! Tarif tanlang: 8 300 000 so'm to'lang, bir soatdan keyin katta pul qaytadi, karta: uz-compensation.info",phishing,forex_soxta_treyder
Assalomu alaykum! Men davlat rahbariman va barcha fuqarolarga yordam dasturini boshladim. Ro'yxatdan o'tish uchun: sovga-yangiyil.click (video/audio soxtalashtirilgan),phishing,mashhur_shaxs_deepfake
"Hurmatli mijoz, Asakabank orqali 1 850 000 so'm miqdorida to'lovingiz muvaffaqiyatli amalga oshirildi.",safe,xavfsiz
B-roker Be.kzod si zga signal- beryapti: hoz iroq kirsangiz 12 000 000 so'm sarmoyangi.z 1 haftada ik.kilanadi. Batafsil: sov-ga-yangiyil.click,phishing,kripto_investitsiya_obfuskatsiya
"Agrobank sizni yangi depozit shartlari bilan tanishishga taklif qiladi — foiz stavkasi 26% gacha, filiallarga tashrif buyuring.",safe,xavfsiz
"Bolalar bog'chasidan xabar: ertaga ota-onalar yig'ilishi bo'ladi, soat 15:00da.",safe,xavfsiz
Sizni maxsus VIP investitsiya guruhimizga taklif qilamiz. Har kuni 15% daromad kafolatlanadi! Ro'yxatdan o'tish: sovga-yangiyil.click,phishing,kripto_investitsiya
Broker Aziz sizga signal beryapti: hoziroq kirsangiz 8 300 000 so'm sarmoyangiz 1 haftada ikkilanadi. Batafsil: sovga-yangiyil.click,phishing,kripto_investitsiya
"VIDEO: Taniqli shaxs nomidan tarqatilgan xabar — 'Bu loyiha orqali har kim 1 850 000 so'm ishlab topishi mumkin', batafsil: uz-compensation.info",phishing,mashhur_shaxs_deepfake
"Dilnoza, doktor ertaga 9:00ga qabulga chaqirdi, tahlil natijalarini olib boring.",safe,xavfsiz
"Bugun soat 19:00da video-qo'ng'iroq qilamizmi, Otabek? Loyihani muhokama qilishimiz kerak.",safe,xavfsiz
"Hurmatli mijoz, Xalq banki orqali 1 850 000 so'm miqdorida to'lovingiz muvaffaqiyatli amalga oshirildi.",safe,xavfsiz
"Hurmatli fuqaro, sizning oilangiz tekshirishdan o'tdi va 3 000 000 so'mgacha davlat yordami olishga haqli. Ariza: gov-uz-yordam.com",phishing,davlat_kompensatsiya
"Asakabank sizni yangi depozit shartlari bilan tanishishga taklif qiladi — foiz stavkasi 18% gacha, filiallarga tashrif buyuring.",safe,xavfsiz
"Aziz, hisobot ertaga ertalabgacha tayyor bo'lishi kerak, iltimos unutmang.",safe,xavfsiz
"Hurmatli soliq to'lovchi, sizda 27 500 000 so'm miqdorida haddan tashqari to'lov aniqlandi. Qaytarish uchun bank karta ma'lumotlarini SMS orqali yuboring.",phishing,soliq_idorasi
"Diqqat! Bemorning ahvoli og'ir, tezkor operatsiya kerak, ijtimoiy tarmoqlarda tarqating va yordam bering, karta: sovga-yangiyil.click",phishing,xayriya_firibgarligi
"Kapitalbank operatori bilan gaplashib, yangi karta buyurtma qildim, ertaga filialdan olib ketaman, hech qanday kod yubormadim.",safe,xavfsiz
"Kuz fasli keldi, ob-havo sovib bormoqda, issiqroq kiyinib chiqing.",safe,xavfsiz
"DIQQAT abonent! Kommunal xizmatlar bo'yicha qarzingiz 12 000 000 so'mga yetdi, hisobingiz bloklanmasligi uchun hoziroq to'lang: telegram-support-uz.net",phishing,kommunal_tolov
Tabriklaymiz! Sizga Yangi yil sovg'asi yuborildi 🎁 Ochish uchun ilovani yuklab oling: click-uz-bonus.xyz,phishing,sovga_havola
Tabriklaymiz! Sizga Yan gi yil sovg 'asi yubori.ldi 🎁 Oc hi.sh uchu n il.ovani yuklab oling: gov-uz-yordam.com,phishing,sovga_havola_obfuskatsiya
"Tanishlarim orqali eltilgan mashinalarni bojxonasiz arzon sotib beraman, band qilish uchun 12 000 000 so'm oldindan to'lang.",phishing,arzon_avtomobil_firibgarligi
"OSON ilovasi orqali kommunal to'lovlarni amalga oshiraman, ilova rasmiy va ishonchli.",safe,xavfsiz
"Xalq banki sizni yangi depozit shartlari bilan tanishishga taklif qiladi — foiz stavkasi 22% gacha, filiallarga tashrif buyuring.",safe,xavfsiz
"Elektr energiyasi bo'yicha 5 400 000 so'm qarzingiz bor, 2 soat ichida to'lamasangiz svet o'chiriladi, to'lov: sovga-yangiyil.click",phishing,kommunal_tolov
"Assalomu alaykum, so'ragan hujjatlarni skanerlab elektron pochtaga yubordim, Jasur.",safe,xavfsiz
"Diqqat! Pensiya jamg'armasidan xabar: hisobingizda xatolik topildi, tuzatish uchun kartangiz ma'lumotlarini qayta kiriting: gov-uz-yordam.com",phishing,pensiya_ijtimoiy_fond
Azizni 'Yilning eng yaxshi onasi' tanlovida g'olib qilish uchun ovoz bering! Havola: click-uz-bonus.xyz — Telegram orqali kirish talab qilinadi.,phishing,soxta_tanlov
"Gaz ta'minoti xizmati: hisobingizda qarzdorlik aniqlandi, bugun kechgacha to'lamasangiz gaz uzib qo'yiladi, karta orqali to'lang: telegram-support-uz.net",phishing,kommunal_tolov
"Otabek, sizga yuborilgan shartnomani ko'rib chiqib, imzo qo'yib qaytaring.",safe,xavfsiz
"Universitetda ertangi imtihon 18:00da 108-xonada bo'lib o'tadi, pasportingizni olib kelishni unutmang.",safe,xavfsiz
Gulnorani 'Yilning eng yaxshi onasi' tanlovida g'olib qilish uchun ovoz bering! Havola: uz-compensation.info — Telegram orqali kirish talab qilinadi.,phishing,soxta_tanlov
"ofisda xonangizni band qildik, check-in vaqti 10:30.",safe,xavfsiz
"Universitetda ertangi imtihon 18:00da 214-xonada bo'lib o'tadi, pasportingizni olib kelishni unutmang.",safe,xavfsiz
"Jasur, farzandingiz baxtsiz hodisaga uchradi, hozir shifoxonada, operatsiya uchun tezda 8 300 000 so'm kerak, shu kartaga o'tkazing!",phishing,oilaviy_favqulodda
"Assalomu alaykum, buyurtmangiz universitet filialidan olib ketishga tayyor, 10:30gacha kutamiz.",safe,xavfsiz
"Bugun ob-havo ochiq, harorat +30 daraja. Kechqurun sayrga chiqsak bo'ladimi, Nodira?",safe,xavfsiz
"Gaz hisobini plastik karta orqali Agrobank ilovasida to'ladim, tasdiqlash SMSi keldi.",safe,xavfsiz
"Assalomu alaykum, bugungi yig'ilish 10:30ga ko'chirildi, sport zalida bo'lib o'tadi.",safe,xavfsiz
"Gulnora do'stimga qarz berdim, u telefon orqali so'radi, lekin avval video-qo'ng'iroqda gaplashib tasdiqladim.",safe,xavfsiz
Assalomu alaykum! Men davlat rahbariman va barcha fuqarolarga yordam dasturini boshladim. Ro'yxatdan o'tish uchun: uz-compensation.info (video/audio soxtalashtirilgan),phishing,mashhur_shaxs_deepfake
"Salom, bu men, Jasur, eski raqamim ishlamayapti shu raqamdan yozyapman. Bir amallab 8 300 000 so'm qarz bera olasanmi, ertaga qaytaraman, mana karta raqamim.",phishing,soxta_tanish_qarz
"Diqqat, ish beruvchi sifatida sizni intervyuga taklif qilamiz, iltimos rezyumeningizni yana bir bor yuboring, Jasur.",safe,xavfsiz
"E'loningizni ko'rdim, tovaringizni sotib olaman, lekin Toshkentda emasman. Yetkazib berish firmasi orqali to'layman, avval avtorizatsiyadan o'tish uchun kichik summa o'tkazing: uz-compensation.info",phishing,olx_sotuvchi_firibgarligi
"Gaz ta'minoti xizmati: hisobingizda qarzdorlik aniqlandi, bugun kechgacha to'lamasangiz gaz uzib qo'yiladi, karta orqali to'lang: click-uz-bonus.xyz",phishing,kommunal_tolov
"Kapitalbank sizni yangi depozit shartlari bilan tanishishga taklif qiladi — foiz stavkasi 20% gacha, filiallarga tashrif buyuring.",safe,xavfsiz
"Hurmatli mijoz, Agrobank orqali 1 850 000 so'm miqdorida to'lovingiz muvaffaqiyatli amalga oshirildi.",safe,xavfsiz
"Aziz, farzandingiz baxtsiz hodisaga uchradi, hozir shifoxonada, operatsiya uchun tezda 50 000 000 so'm kerak, shu kartaga o'tkazing!",phishing,oilaviy_favqulodda
Feruzani 'Yilning eng yaxshi onasi' tanlovida g'olib qilish uchun ovoz bering! Havola: hamyon-uz.top — Telegram orqali kirish talab qilinadi.,phishing,soxta_tanlov
"Nodira, hisobot ertaga ertalabgacha tayyor bo'lishi kerak, iltimos unutmang.",safe,xavfsiz
"Soliq deklaratsiyasini rasmiy soliq.uz sayti orqali muddatida topshirdim, hammasi tartibda.",safe,xavfsiz
"Aziz, dorixonadan retsept asosida dori oldim, ertaga sizga olib kelaman.",safe,xavfsiz
"Foydali ilova: pul tejash kalkulyatori, yuklab oling (.apk fayl): telegram-support-uz.net, do'stlaringizga ham ulashing.",phishing,apk_virus
"Otabek, doktor ertaga 14:00ga qabulga chaqirdi, tahlil natijalarini olib boring.",safe,xavfsiz
"Assalomu alaykum, Feruza! Sizga davlat tomonidan yangi ijtimoiy kompensatsiya dasturi doirasida 50 000 000 so'm ajratildi. Tasdiqlash uchun havolaga o'ting: gov-uz-yordam.com",phishing,davlat_kompensatsiya
"Bugungi mashg'ulot ofisda 10:30da boshlanadi, kechikmang iltimos.",safe,xavfsiz
"Hurmatli mijoz, sizning hisobingizda shubhali tranzaksiya aniqlandi. Kartani faollashtirish uchun ma'lumotlarni tasdiqlang: hamyon-uz.top",phishing,bank_karta_bloklash
"Hurmatli mijoz, Agrobank orqali 8 300 000 so'm miqdorida to'lovingiz muvaffaqiyatli amalga oshirildi.",safe,xavfsiz
"S@lom, men xorijl1k biznesmenman, seng@ muh@bbatim tuf@yl1 katt@ miqd0rd@ pul va mer0s qoldirmoqch1man, faqat ra$miylasht1ri$h x@raj@tl@r1n1 top.",phishing,sevgi_meros_firibgarligi_obfuskatsiya
"Assalomu alaykum, bugungi yig'ilish 14:00ga ko'chirildi, sport zalida bo'lib o'tadi.",safe,xavfsiz
Assalomu alaykum! Men davlat rahbariman va barcha fuqarolarga yordam dasturini boshladim. Ro'yxatdan o'tish uchun: hamyon-uz.top (video/audio soxtalashtirilgan),phishing,mashhur_shaxs_deepfake
"Suv ta'minoti korxonasi: to'lov muddati o'tib ketdi, jarima qo'shilishidan oldin ushbu havola orqali to'lang va karta ma'lumotlaringizni tasdiqlang: click-uz-bonus.xyz",phishing,kommunal_tolov
"Aziz, loyiha bo'yicha hisobotni Excel faylida yubordim, tekshirib chiqing iltimos.",safe,xavfsiz
"Shaxzod, loyiha bo'yicha hisobotni Excel faylida yubordim, tekshirib chiqing iltimos.",safe,xavfsiz
"Malika, doktor ertaga 18:00ga qabulga chaqirdi, tahlil natijalarini olib boring.",safe,xavfsiz
"Hurmatli mijoz, Kapitalbank orqali 12 000 000 so'm miqdorida to'lovingiz muvaffaqiyatli amalga oshirildi.",safe,xavfsiz
Tanlovda qatnashing va g'olib bo'ling! 'Eng yaxshi bobo' nominatsiyasiga ovoz berish uchun shu yerga bosing: gov-uz-yordam.com,phishing,soxta_tanlov
"Otabek, loyiha bo'yicha hisobotni Excel faylida yubordim, tekshirib chiqing iltimos.",safe,xavfsiz
Diqqat foydalanuvchi! Sizning akkauntingiz ikkinchi qurilmadan ochilishga urinilmoqda. Buni bekor qilish uchun tasdiqlash kodini kiriting: uz-compensation.info,phishing,telegram_block
"Bugungi mashg'ulot sport zalida 18:00da boshlanadi, kechikmang iltimos.",safe,xavfsiz
Sizning nomzodingiz g'olib bo'lish arafasida! Ovoz berish uchun Telegram akkauntingiz orqali tasdiqdan o'ting: uz-compensation.info,phishing,soxta_tanlov
Sizning nomzodingiz g'olib bo'lish arafasida! Ovoz berish uchun Telegram akkauntingiz orqali tasdiqdan o'ting: hamyon-uz.top,phishing,soxta_tanlov
"Rieltor bilan uyni ko'rib chiqdik, narxni kelishib, keyin shartnoma imzoladik, hech qanday oldindan to'lov bo'lmadi.",safe,xavfsiz
"Yetkazib berish xizmati: sizning nomingizga posilka keldi, lekin manzil noto'g'ri. Tasdiqlash uchun ma'lumotlarni kiriting: uz-compensation.info",phishing,sovga_havola
